image,n_detections,confidences,pred_has_object
C:\RIT\GA\BIV-Priv-Seg\BIV-Priv-Seg\0.jpeg,1,0.581,1
C:\RIT\GA\BIV-Priv-Seg\BIV-Priv-Seg\1.jpeg,1,0.465,1
C:\RIT\GA\BIV-Priv-Seg\BIV-Priv-Seg\100.jpeg,0,,0
C:\RIT\GA\BIV-Priv-Seg\BIV-Priv-Seg\1000.jpeg,0,,0
C:\RIT\GA\BIV-Priv-Seg\BIV-Priv-Seg\1001.jpeg,0,,0
C:\RIT\GA\BIV-Priv-Seg\BIV-Priv-Seg\1002.jpeg,1,0.457,1
C:\RIT\GA\BIV-Priv-Seg\BIV-Priv-Seg\1003.jpeg,0,,0
C:\RIT\GA\BIV-Priv-Seg\BIV-Priv-Seg\1004.jpeg,0,,0
C:\RIT\GA\BIV-Priv-Seg\BIV-Priv-Seg\1005.jpeg,0,,0
C:\RIT\GA\BIV-Priv-Seg\BIV-Priv-Seg\1006.jpeg,1,0.275,1
C:\RIT\GA\BIV-Priv-Seg\BIV-Priv-Seg\1007.jpeg,0,,0
C:\RIT\GA\BIV-Priv-Seg\BIV-Priv-Seg\1008.jpeg,0,,0
C:\RIT\GA\BIV-Priv-Seg\BIV-Priv-Seg\1009.jpeg,0,,0
C:\RIT\GA\BIV-Priv-Seg\BIV-Priv-Seg\101.jpeg,1,0.34,1
C:\RIT\GA\BIV-Priv-Seg\BIV-Priv-Seg\1010.jpeg,1,0.543,1
C:\RIT\GA\BIV-Priv-Seg\BIV-Priv-Seg\1011.jpeg,1,0.703,1
C:\RIT\GA\BIV-Priv-Seg\BIV-Priv-Seg\1012.jpeg,0,,0
C:\RIT\GA\BIV-Priv-Seg\BIV-Priv-Seg\1013.jpeg,0,,0
C:\RIT\GA\BIV-Priv-Seg\BIV-Priv-Seg\1014.jpeg,1,0.681,1
C:\RIT\GA\BIV-Priv-Seg\BIV-Priv-Seg\1015.jpeg,1,0.805,1
C:\RIT\GA\BIV-Priv-Seg\BIV-Priv-Seg\1016.jpeg,2,0.711;0.268,1
C:\RIT\GA\BIV-Priv-Seg\BIV-Priv-Seg\1017.jpeg,1,0.639,1
C:\RIT\GA\BIV-Priv-Seg\BIV-Priv-Seg\1018.jpeg,2,0.459;0.449,1
C:\RIT\GA\BIV-Priv-Seg\BIV-Priv-Seg\1019.jpeg,2,0.357;0.281,1
C:\RIT\GA\BIV-Priv-Seg\BIV-Priv-Seg\102.jpeg,1,0.32,1
C:\RIT\GA\BIV-Priv-Seg\BIV-Priv-Seg\1020.jpeg,1,0.725,1
C:\RIT\GA\BIV-Priv-Seg\BIV-Priv-Seg\1021.jpeg,0,,0
C:\RIT\GA\BIV-Priv-Seg\BIV-Priv-Seg\1023.jpeg,1,0.409,1
C:\RIT\GA\BIV-Priv-Seg\BIV-Priv-Seg\1024.jpeg,3,0.574;0.267;0.262,1
C:\RIT\GA\BIV-Priv-Seg\BIV-Priv-Seg\1026.jpeg,2,0.665;0.260,1
C:\RIT\GA\BIV-Priv-Seg\BIV-Priv-Seg\1027.jpeg,0,,0
C:\RIT\GA\BIV-Priv-Seg\BIV-Priv-Seg\1028.jpeg,4,0.693;0.470;0.410;0.397,1
C:\RIT\GA\BIV-Priv-Seg\BIV-Priv-Seg\1029.jpeg,3,0.559;0.460;0.456,1
C:\RIT\GA\BIV-Priv-Seg\BIV-Priv-Seg\103.jpeg,1,0.313,1
C:\RIT\GA\BIV-Priv-Seg\BIV-Priv-Seg\1034.jpeg,1,0.755,1
C:\RIT\GA\BIV-Priv-Seg\BIV-Priv-Seg\1035.jpeg,1,0.834,1
C:\RIT\GA\BIV-Priv-Seg\BIV-Priv-Seg\1036.jpeg,1,0.348,1
C:\RIT\GA\BIV-Priv-Seg\BIV-Priv-Seg\1037.jpeg,0,,0
C:\RIT\GA\BIV-Priv-Seg\BIV-Priv-Seg\1038.jpeg,0,,0
C:\RIT\GA\BIV-Priv-Seg\BIV-Priv-Seg\1039.jpeg,1,0.676,1
C:\RIT\GA\BIV-Priv-Seg\BIV-Priv-Seg\104.jpeg,1,0.298,1
C:\RIT\GA\BIV-Priv-Seg\BIV-Priv-Seg\1040.jpeg,3,0.766;0.616;0.308,1
C:\RIT\GA\BIV-Priv-Seg\BIV-Priv-Seg\1042.jpeg,2,0.550;0.548,1
C:\RIT\GA\BIV-Priv-Seg\BIV-Priv-Seg\1043.jpeg,0,,0
C:\RIT\GA\BIV-Priv-Seg\BIV-Priv-Seg\1044.jpeg,1,0.679,1
C:\RIT\GA\BIV-Priv-Seg\BIV-Priv-Seg\1047.jpeg,3,0.361;0.279;0.251,1
C:\RIT\GA\BIV-Priv-Seg\BIV-Priv-Seg\1048.jpeg,1,0.639,1
C:\RIT\GA\BIV-Priv-Seg\BIV-Priv-Seg\1049.jpeg,2,0.546;0.530,1
C:\RIT\GA\BIV-Priv-Seg\BIV-Priv-Seg\105.jpeg,0,,0
C:\RIT\GA\BIV-Priv-Seg\BIV-Priv-Seg\1051.jpeg,1,0.831,1
C:\RIT\GA\BIV-Priv-Seg\BIV-Priv-Seg\1052.jpeg,3,0.730;0.434;0.317,1
C:\RIT\GA\BIV-Priv-Seg\BIV-Priv-Seg\1053.jpeg,1,0.683,1
C:\RIT\GA\BIV-Priv-Seg\BIV-Priv-Seg\1055.jpeg,3,0.616;0.343;0.317,1
C:\RIT\GA\BIV-Priv-Seg\BIV-Priv-Seg\1056.jpeg,2,0.922;0.354,1
C:\RIT\GA\BIV-Priv-Seg\BIV-Priv-Seg\1057.jpeg,5,0.650;0.509;0.331;0.307;0.295,1
C:\RIT\GA\BIV-Priv-Seg\BIV-Priv-Seg\1058.jpeg,0,,0
C:\RIT\GA\BIV-Priv-Seg\BIV-Priv-Seg\1059.jpeg,2,0.514;0.415,1
C:\RIT\GA\BIV-Priv-Seg\BIV-Priv-Seg\106.jpeg,1,0.455,1
C:\RIT\GA\BIV-Priv-Seg\BIV-Priv-Seg\1060.jpeg,1,0.294,1
C:\RIT\GA\BIV-Priv-Seg\BIV-Priv-Seg\1061.jpeg,0,,0
C:\RIT\GA\BIV-Priv-Seg\BIV-Priv-Seg\1062.jpeg,3,0.456;0.450;0.326,1
C:\RIT\GA\BIV-Priv-Seg\BIV-Priv-Seg\1063.jpeg,4,0.390;0.279;0.255;0.252,1
C:\RIT\GA\BIV-Priv-Seg\BIV-Priv-Seg\1064.jpeg,6,0.743;0.618;0.505;0.422;0.407;0.364,1
C:\RIT\GA\BIV-Priv-Seg\BIV-Priv-Seg\1065.jpeg,1,0.418,1
C:\RIT\GA\BIV-Priv-Seg\BIV-Priv-Seg\1066.jpeg,2,0.866;0.332,1
C:\RIT\GA\BIV-Priv-Seg\BIV-Priv-Seg\1067.jpeg,1,0.52,1
C:\RIT\GA\BIV-Priv-Seg\BIV-Priv-Seg\1068.jpeg,1,0.349,1
C:\RIT\GA\BIV-Priv-Seg\BIV-Priv-Seg\1069.jpeg,2,0.299;0.256,1
C:\RIT\GA\BIV-Priv-Seg\BIV-Priv-Seg\107.jpeg,5,0.622;0.334;0.334;0.331;0.289,1
C:\RIT\GA\BIV-Priv-Seg\BIV-Priv-Seg\1070.jpeg,1,0.535,1
C:\RIT\GA\BIV-Priv-Seg\BIV-Priv-Seg\1071.jpeg,1,0.51,1
C:\RIT\GA\BIV-Priv-Seg\BIV-Priv-Seg\1072.jpeg,6,0.444;0.402;0.342;0.338;0.319;0.293,1
C:\RIT\GA\BIV-Priv-Seg\BIV-Priv-Seg\1073.jpeg,0,,0
C:\RIT\GA\BIV-Priv-Seg\BIV-Priv-Seg\1074.jpeg,1,0.283,1
C:\RIT\GA\BIV-Priv-Seg\BIV-Priv-Seg\1076.jpeg,1,0.553,1
C:\RIT\GA\BIV-Priv-Seg\BIV-Priv-Seg\1077.jpeg,1,0.885,1
C:\RIT\GA\BIV-Priv-Seg\BIV-Priv-Seg\1078.jpeg,0,,0
C:\RIT\GA\BIV-Priv-Seg\BIV-Priv-Seg\1079.jpeg,1,0.438,1
C:\RIT\GA\BIV-Priv-Seg\BIV-Priv-Seg\108.jpeg,1,0.375,1
C:\RIT\GA\BIV-Priv-Seg\BIV-Priv-Seg\1080.jpeg,1,0.503,1
C:\RIT\GA\BIV-Priv-Seg\BIV-Priv-Seg\1081.jpeg,0,,0
C:\RIT\GA\BIV-Priv-Seg\BIV-Priv-Seg\1082.jpeg,1,0.846,1
C:\RIT\GA\BIV-Priv-Seg\BIV-Priv-Seg\1083.jpeg,3,0.489;0.331;0.255,1
C:\RIT\GA\BIV-Priv-Seg\BIV-Priv-Seg\1084.jpeg,5,0.915;0.750;0.723;0.379;0.290,1
C:\RIT\GA\BIV-Priv-Seg\BIV-Priv-Seg\1085.jpeg,3,0.749;0.296;0.252,1
C:\RIT\GA\BIV-Priv-Seg\BIV-Priv-Seg\1086.jpeg,0,,0
C:\RIT\GA\BIV-Priv-Seg\BIV-Priv-Seg\1087.jpeg,0,,0
C:\RIT\GA\BIV-Priv-Seg\BIV-Priv-Seg\1088.jpeg,0,,0
C:\RIT\GA\BIV-Priv-Seg\BIV-Priv-Seg\1089.jpeg,0,,0
C:\RIT\GA\BIV-Priv-Seg\BIV-Priv-Seg\109.jpeg,0,,0
C:\RIT\GA\BIV-Priv-Seg\BIV-Priv-Seg\1090.jpeg,0,,0
C:\RIT\GA\BIV-Priv-Seg\BIV-Priv-Seg\1091.jpeg,0,,0
C:\RIT\GA\BIV-Priv-Seg\BIV-Priv-Seg\1092.jpeg,0,,0
C:\RIT\GA\BIV-Priv-Seg\BIV-Priv-Seg\1093.jpeg,0,,0
C:\RIT\GA\BIV-Priv-Seg\BIV-Priv-Seg\1094.jpeg,0,,0
C:\RIT\GA\BIV-Priv-Seg\BIV-Priv-Seg\1095.jpeg,1,0.495,1
C:\RIT\GA\BIV-Priv-Seg\BIV-Priv-Seg\1096.jpeg,0,,0
C:\RIT\GA\BIV-Priv-Seg\BIV-Priv-Seg\1097.jpeg,0,,0
C:\RIT\GA\BIV-Priv-Seg\BIV-Priv-Seg\1098.jpeg,0,,0
C:\RIT\GA\BIV-Priv-Seg\BIV-Priv-Seg\1099.jpeg,0,,0
C:\RIT\GA\BIV-Priv-Seg\BIV-Priv-Seg\11.jpeg,1,0.38,1
C:\RIT\GA\BIV-Priv-Seg\BIV-Priv-Seg\110.jpeg,2,0.526;0.419,1
C:\RIT\GA\BIV-Priv-Seg\BIV-Priv-Seg\1100.jpeg,0,,0
C:\RIT\GA\BIV-Priv-Seg\BIV-Priv-Seg\1101.jpeg,0,,0
C:\RIT\GA\BIV-Priv-Seg\BIV-Priv-Seg\1102.jpeg,0,,0
C:\RIT\GA\BIV-Priv-Seg\BIV-Priv-Seg\1103.jpeg,0,,0
C:\RIT\GA\BIV-Priv-Seg\BIV-Priv-Seg\1104.jpeg,1,0.33,1
C:\RIT\GA\BIV-Priv-Seg\BIV-Priv-Seg\1105.jpeg,0,,0
C:\RIT\GA\BIV-Priv-Seg\BIV-Priv-Seg\1106.jpeg,1,0.269,1
C:\RIT\GA\BIV-Priv-Seg\BIV-Priv-Seg\1107.jpeg,1,0.309,1
C:\RIT\GA\BIV-Priv-Seg\BIV-Priv-Seg\1108.jpeg,0,,0
C:\RIT\GA\BIV-Priv-Seg\BIV-Priv-Seg\1109.jpeg,0,,0
C:\RIT\GA\BIV-Priv-Seg\BIV-Priv-Seg\111.jpeg,0,,0
C:\RIT\GA\BIV-Priv-Seg\BIV-Priv-Seg\1110.jpeg,0,,0
C:\RIT\GA\BIV-Priv-Seg\BIV-Priv-Seg\1111.jpeg,0,,0
C:\RIT\GA\BIV-Priv-Seg\BIV-Priv-Seg\1112.jpeg,0,,0
C:\RIT\GA\BIV-Priv-Seg\BIV-Priv-Seg\1113.jpeg,0,,0
C:\RIT\GA\BIV-Priv-Seg\BIV-Priv-Seg\1114.jpeg,2,0.693;0.264,1
C:\RIT\GA\BIV-Priv-Seg\BIV-Priv-Seg\1115.jpeg,0,,0
C:\RIT\GA\BIV-Priv-Seg\BIV-Priv-Seg\1116.jpeg,1,0.261,1
C:\RIT\GA\BIV-Priv-Seg\BIV-Priv-Seg\1117.jpeg,0,,0
C:\RIT\GA\BIV-Priv-Seg\BIV-Priv-Seg\1118.jpeg,0,,0
C:\RIT\GA\BIV-Priv-Seg\BIV-Priv-Seg\112.jpeg,1,0.651,1
C:\RIT\GA\BIV-Priv-Seg\BIV-Priv-Seg\1120.jpeg,0,,0
C:\RIT\GA\BIV-Priv-Seg\BIV-Priv-Seg\1121.jpeg,0,,0
C:\RIT\GA\BIV-Priv-Seg\BIV-Priv-Seg\1122.jpeg,0,,0
C:\RIT\GA\BIV-Priv-Seg\BIV-Priv-Seg\1123.jpeg,0,,0
C:\RIT\GA\BIV-Priv-Seg\BIV-Priv-Seg\1124.jpeg,0,,0
C:\RIT\GA\BIV-Priv-Seg\BIV-Priv-Seg\1125.jpeg,1,0.417,1
C:\RIT\GA\BIV-Priv-Seg\BIV-Priv-Seg\1127.jpeg,0,,0
C:\RIT\GA\BIV-Priv-Seg\BIV-Priv-Seg\1128.jpeg,0,,0
C:\RIT\GA\BIV-Priv-Seg\BIV-Priv-Seg\113.jpeg,0,,0
C:\RIT\GA\BIV-Priv-Seg\BIV-Priv-Seg\1130.jpeg,0,,0
C:\RIT\GA\BIV-Priv-Seg\BIV-Priv-Seg\1131.jpeg,0,,0
C:\RIT\GA\BIV-Priv-Seg\BIV-Priv-Seg\1132.jpeg,0,,0
C:\RIT\GA\BIV-Priv-Seg\BIV-Priv-Seg\1133.jpeg,0,,0
C:\RIT\GA\BIV-Priv-Seg\BIV-Priv-Seg\1135.jpeg,1,0.317,1
C:\RIT\GA\BIV-Priv-Seg\BIV-Priv-Seg\1137.jpeg,0,,0
C:\RIT\GA\BIV-Priv-Seg\BIV-Priv-Seg\1138.jpeg,0,,0
C:\RIT\GA\BIV-Priv-Seg\BIV-Priv-Seg\114.jpeg,1,0.737,1
C:\RIT\GA\BIV-Priv-Seg\BIV-Priv-Seg\1140.jpeg,0,,0
C:\RIT\GA\BIV-Priv-Seg\BIV-Priv-Seg\1141.jpeg,0,,0
C:\RIT\GA\BIV-Priv-Seg\BIV-Priv-Seg\1142.jpeg,1,0.625,1
C:\RIT\GA\BIV-Priv-Seg\BIV-Priv-Seg\1143.jpeg,1,0.566,1
C:\RIT\GA\BIV-Priv-Seg\BIV-Priv-Seg\1144.jpeg,0,,0
C:\RIT\GA\BIV-Priv-Seg\BIV-Priv-Seg\1145.jpeg,1,0.485,1
C:\RIT\GA\BIV-Priv-Seg\BIV-Priv-Seg\1146.jpeg,0,,0
C:\RIT\GA\BIV-Priv-Seg\BIV-Priv-Seg\1147.jpeg,0,,0
C:\RIT\GA\BIV-Priv-Seg\BIV-Priv-Seg\1148.jpeg,1,0.793,1
C:\RIT\GA\BIV-Priv-Seg\BIV-Priv-Seg\1149.jpeg,0,,0
C:\RIT\GA\BIV-Priv-Seg\BIV-Priv-Seg\115.jpeg,3,0.425;0.378;0.293,1
C:\RIT\GA\BIV-Priv-Seg\BIV-Priv-Seg\1150.jpeg,0,,0
C:\RIT\GA\BIV-Priv-Seg\BIV-Priv-Seg\1151.jpeg,0,,0
C:\RIT\GA\BIV-Priv-Seg\BIV-Priv-Seg\1152.jpeg,0,,0
C:\RIT\GA\BIV-Priv-Seg\BIV-Priv-Seg\1153.jpeg,0,,0
C:\RIT\GA\BIV-Priv-Seg\BIV-Priv-Seg\1154.jpeg,0,,0
C:\RIT\GA\BIV-Priv-Seg\BIV-Priv-Seg\1155.jpeg,2,0.411;0.353,1
C:\RIT\GA\BIV-Priv-Seg\BIV-Priv-Seg\1156.jpeg,0,,0
C:\RIT\GA\BIV-Priv-Seg\BIV-Priv-Seg\1157.jpeg,0,,0
C:\RIT\GA\BIV-Priv-Seg\BIV-Priv-Seg\1158.jpeg,0,,0
C:\RIT\GA\BIV-Priv-Seg\BIV-Priv-Seg\1159.jpeg,0,,0
C:\RIT\GA\BIV-Priv-Seg\BIV-Priv-Seg\116.jpeg,1,0.414,1
C:\RIT\GA\BIV-Priv-Seg\BIV-Priv-Seg\1160.jpeg,2,0.730;0.252,1
C:\RIT\GA\BIV-Priv-Seg\BIV-Priv-Seg\1161.jpeg,0,,0
C:\RIT\GA\BIV-Priv-Seg\BIV-Priv-Seg\1162.jpeg,0,,0
C:\RIT\GA\BIV-Priv-Seg\BIV-Priv-Seg\1163.jpeg,0,,0
C:\RIT\GA\BIV-Priv-Seg\BIV-Priv-Seg\1164.jpeg,0,,0
C:\RIT\GA\BIV-Priv-Seg\BIV-Priv-Seg\1165.jpeg,0,,0
C:\RIT\GA\BIV-Priv-Seg\BIV-Priv-Seg\1167.jpeg,0,,0
C:\RIT\GA\BIV-Priv-Seg\BIV-Priv-Seg\1168.jpeg,0,,0
C:\RIT\GA\BIV-Priv-Seg\BIV-Priv-Seg\1169.jpeg,0,,0
C:\RIT\GA\BIV-Priv-Seg\BIV-Priv-Seg\117.jpeg,0,,0
C:\RIT\GA\BIV-Priv-Seg\BIV-Priv-Seg\1170.jpeg,1,0.56,1
C:\RIT\GA\BIV-Priv-Seg\BIV-Priv-Seg\1171.jpeg,0,,0
C:\RIT\GA\BIV-Priv-Seg\BIV-Priv-Seg\1172.jpeg,0,,0
C:\RIT\GA\BIV-Priv-Seg\BIV-Priv-Seg\1173.jpeg,0,,0
C:\RIT\GA\BIV-Priv-Seg\BIV-Priv-Seg\1174.jpeg,0,,0
C:\RIT\GA\BIV-Priv-Seg\BIV-Priv-Seg\1175.jpeg,0,,0
C:\RIT\GA\BIV-Priv-Seg\BIV-Priv-Seg\118.jpeg,3,0.732;0.596;0.347,1
C:\RIT\GA\BIV-Priv-Seg\BIV-Priv-Seg\119.jpeg,0,,0
C:\RIT\GA\BIV-Priv-Seg\BIV-Priv-Seg\12.jpeg,0,,0
C:\RIT\GA\BIV-Priv-Seg\BIV-Priv-Seg\120.jpeg,1,0.592,1
C:\RIT\GA\BIV-Priv-Seg\BIV-Priv-Seg\121.jpeg,0,,0
C:\RIT\GA\BIV-Priv-Seg\BIV-Priv-Seg\122.jpeg,0,,0
C:\RIT\GA\BIV-Priv-Seg\BIV-Priv-Seg\123.jpeg,2,0.447;0.347,1
C:\RIT\GA\BIV-Priv-Seg\BIV-Priv-Seg\124.jpeg,2,0.533;0.266,1
C:\RIT\GA\BIV-Priv-Seg\BIV-Priv-Seg\125.jpeg,2,0.520;0.425,1
C:\RIT\GA\BIV-Priv-Seg\BIV-Priv-Seg\126.jpeg,1,0.356,1
C:\RIT\GA\BIV-Priv-Seg\BIV-Priv-Seg\127.jpeg,0,,0
C:\RIT\GA\BIV-Priv-Seg\BIV-Priv-Seg\128.jpeg,1,0.33,1
C:\RIT\GA\BIV-Priv-Seg\BIV-Priv-Seg\129.jpeg,1,0.301,1
C:\RIT\GA\BIV-Priv-Seg\BIV-Priv-Seg\13.jpeg,2,0.333;0.305,1
C:\RIT\GA\BIV-Priv-Seg\BIV-Priv-Seg\131.jpeg,2,0.803;0.403,1
C:\RIT\GA\BIV-Priv-Seg\BIV-Priv-Seg\132.jpeg,0,,0
C:\RIT\GA\BIV-Priv-Seg\BIV-Priv-Seg\133.jpeg,0,,0
C:\RIT\GA\BIV-Priv-Seg\BIV-Priv-Seg\134.jpeg,0,,0
C:\RIT\GA\BIV-Priv-Seg\BIV-Priv-Seg\135.jpeg,0,,0
C:\RIT\GA\BIV-Priv-Seg\BIV-Priv-Seg\137.jpeg,0,,0
C:\RIT\GA\BIV-Priv-Seg\BIV-Priv-Seg\138.jpeg,0,,0
C:\RIT\GA\BIV-Priv-Seg\BIV-Priv-Seg\139.jpeg,1,0.537,1
C:\RIT\GA\BIV-Priv-Seg\BIV-Priv-Seg\14.jpeg,0,,0
C:\RIT\GA\BIV-Priv-Seg\BIV-Priv-Seg\140.jpeg,1,0.294,1
C:\RIT\GA\BIV-Priv-Seg\BIV-Priv-Seg\141.jpeg,3,0.506;0.444;0.387,1
C:\RIT\GA\BIV-Priv-Seg\BIV-Priv-Seg\142.jpeg,0,,0
C:\RIT\GA\BIV-Priv-Seg\BIV-Priv-Seg\143.jpeg,0,,0
C:\RIT\GA\BIV-Priv-Seg\BIV-Priv-Seg\144.jpeg,0,,0
C:\RIT\GA\BIV-Priv-Seg\BIV-Priv-Seg\145.jpeg,1,0.269,1
C:\RIT\GA\BIV-Priv-Seg\BIV-Priv-Seg\146.jpeg,4,0.712;0.467;0.388;0.364,1
C:\RIT\GA\BIV-Priv-Seg\BIV-Priv-Seg\147.jpeg,1,0.417,1
C:\RIT\GA\BIV-Priv-Seg\BIV-Priv-Seg\148.jpeg,0,,0
C:\RIT\GA\BIV-Priv-Seg\BIV-Priv-Seg\149.jpeg,1,0.551,1
C:\RIT\GA\BIV-Priv-Seg\BIV-Priv-Seg\15.jpeg,1,0.637,1
C:\RIT\GA\BIV-Priv-Seg\BIV-Priv-Seg\150.jpeg,1,0.588,1
C:\RIT\GA\BIV-Priv-Seg\BIV-Priv-Seg\151.jpeg,1,0.75,1
C:\RIT\GA\BIV-Priv-Seg\BIV-Priv-Seg\152.jpeg,2,0.645;0.335,1
C:\RIT\GA\BIV-Priv-Seg\BIV-Priv-Seg\153.jpeg,0,,0
C:\RIT\GA\BIV-Priv-Seg\BIV-Priv-Seg\154.jpeg,1,0.809,1
C:\RIT\GA\BIV-Priv-Seg\BIV-Priv-Seg\155.jpeg,0,,0
C:\RIT\GA\BIV-Priv-Seg\BIV-Priv-Seg\156.jpeg,0,,0
C:\RIT\GA\BIV-Priv-Seg\BIV-Priv-Seg\157.jpeg,1,0.551,1
C:\RIT\GA\BIV-Priv-Seg\BIV-Priv-Seg\158.jpeg,2,0.530;0.323,1
C:\RIT\GA\BIV-Priv-Seg\BIV-Priv-Seg\159.jpeg,1,0.331,1
C:\RIT\GA\BIV-Priv-Seg\BIV-Priv-Seg\16.jpeg,1,0.452,1
C:\RIT\GA\BIV-Priv-Seg\BIV-Priv-Seg\160.jpeg,1,0.653,1
C:\RIT\GA\BIV-Priv-Seg\BIV-Priv-Seg\161.jpeg,2,0.632;0.444,1
C:\RIT\GA\BIV-Priv-Seg\BIV-Priv-Seg\162.jpeg,0,,0
C:\RIT\GA\BIV-Priv-Seg\BIV-Priv-Seg\163.jpeg,2,0.611;0.482,1
C:\RIT\GA\BIV-Priv-Seg\BIV-Priv-Seg\164.jpeg,1,0.307,1
C:\RIT\GA\BIV-Priv-Seg\BIV-Priv-Seg\165.jpeg,1,0.714,1
C:\RIT\GA\BIV-Priv-Seg\BIV-Priv-Seg\166.jpeg,3,0.769;0.761;0.713,1
C:\RIT\GA\BIV-Priv-Seg\BIV-Priv-Seg\167.jpeg,1,0.541,1
C:\RIT\GA\BIV-Priv-Seg\BIV-Priv-Seg\168.jpeg,0,,0
C:\RIT\GA\BIV-Priv-Seg\BIV-Priv-Seg\169.jpeg,1,0.468,1
C:\RIT\GA\BIV-Priv-Seg\BIV-Priv-Seg\17.jpeg,0,,0
C:\RIT\GA\BIV-Priv-Seg\BIV-Priv-Seg\170.jpeg,1,0.679,1
C:\RIT\GA\BIV-Priv-Seg\BIV-Priv-Seg\171.jpeg,1,0.335,1
C:\RIT\GA\BIV-Priv-Seg\BIV-Priv-Seg\172.jpeg,1,0.503,1
C:\RIT\GA\BIV-Priv-Seg\BIV-Priv-Seg\173.jpeg,3,0.714;0.526;0.289,1
C:\RIT\GA\BIV-Priv-Seg\BIV-Priv-Seg\174.jpeg,0,,0
C:\RIT\GA\BIV-Priv-Seg\BIV-Priv-Seg\175.jpeg,1,0.696,1
C:\RIT\GA\BIV-Priv-Seg\BIV-Priv-Seg\176.jpeg,4,0.806;0.800;0.398;0.375,1
C:\RIT\GA\BIV-Priv-Seg\BIV-Priv-Seg\177.jpeg,2,0.744;0.260,1
C:\RIT\GA\BIV-Priv-Seg\BIV-Priv-Seg\178.jpeg,5,0.488;0.452;0.350;0.278;0.275,1
C:\RIT\GA\BIV-Priv-Seg\BIV-Priv-Seg\179.jpeg,1,0.78,1
C:\RIT\GA\BIV-Priv-Seg\BIV-Priv-Seg\18.jpeg,2,0.725;0.304,1
C:\RIT\GA\BIV-Priv-Seg\BIV-Priv-Seg\180.jpeg,1,0.728,1
C:\RIT\GA\BIV-Priv-Seg\BIV-Priv-Seg\181.jpeg,2,0.844;0.333,1
C:\RIT\GA\BIV-Priv-Seg\BIV-Priv-Seg\182.jpeg,0,,0
C:\RIT\GA\BIV-Priv-Seg\BIV-Priv-Seg\183.jpeg,2,0.715;0.287,1
C:\RIT\GA\BIV-Priv-Seg\BIV-Priv-Seg\184.jpeg,1,0.466,1
C:\RIT\GA\BIV-Priv-Seg\BIV-Priv-Seg\185.jpeg,0,,0
C:\RIT\GA\BIV-Priv-Seg\BIV-Priv-Seg\186.jpeg,4,0.684;0.430;0.286;0.256,1
C:\RIT\GA\BIV-Priv-Seg\BIV-Priv-Seg\187.jpeg,1,0.421,1
C:\RIT\GA\BIV-Priv-Seg\BIV-Priv-Seg\188.jpeg,0,,0
C:\RIT\GA\BIV-Priv-Seg\BIV-Priv-Seg\189.jpeg,0,,0
C:\RIT\GA\BIV-Priv-Seg\BIV-Priv-Seg\19.jpeg,1,0.264,1
C:\RIT\GA\BIV-Priv-Seg\BIV-Priv-Seg\190.jpeg,0,,0
C:\RIT\GA\BIV-Priv-Seg\BIV-Priv-Seg\191.jpeg,0,,0
C:\RIT\GA\BIV-Priv-Seg\BIV-Priv-Seg\192.jpeg,2,0.672;0.331,1
C:\RIT\GA\BIV-Priv-Seg\BIV-Priv-Seg\193.jpeg,0,,0
C:\RIT\GA\BIV-Priv-Seg\BIV-Priv-Seg\194.jpeg,0,,0
C:\RIT\GA\BIV-Priv-Seg\BIV-Priv-Seg\195.jpeg,0,,0
C:\RIT\GA\BIV-Priv-Seg\BIV-Priv-Seg\196.jpeg,1,0.626,1
C:\RIT\GA\BIV-Priv-Seg\BIV-Priv-Seg\197.jpeg,0,,0
C:\RIT\GA\BIV-Priv-Seg\BIV-Priv-Seg\198.jpeg,0,,0
C:\RIT\GA\BIV-Priv-Seg\BIV-Priv-Seg\199.jpeg,1,0.649,1
C:\RIT\GA\BIV-Priv-Seg\BIV-Priv-Seg\2.jpeg,2,0.341;0.276,1
C:\RIT\GA\BIV-Priv-Seg\BIV-Priv-Seg\20.jpeg,2,0.465;0.408,1
C:\RIT\GA\BIV-Priv-Seg\BIV-Priv-Seg\200.jpeg,0,,0
C:\RIT\GA\BIV-Priv-Seg\BIV-Priv-Seg\201.jpeg,0,,0
C:\RIT\GA\BIV-Priv-Seg\BIV-Priv-Seg\202.jpeg,2,0.284;0.261,1
C:\RIT\GA\BIV-Priv-Seg\BIV-Priv-Seg\203.jpeg,0,,0
C:\RIT\GA\BIV-Priv-Seg\BIV-Priv-Seg\204.jpeg,0,,0
C:\RIT\GA\BIV-Priv-Seg\BIV-Priv-Seg\205.jpeg,0,,0
C:\RIT\GA\BIV-Priv-Seg\BIV-Priv-Seg\206.jpeg,3,0.629;0.597;0.261,1
C:\RIT\GA\BIV-Priv-Seg\BIV-Priv-Seg\207.jpeg,0,,0
C:\RIT\GA\BIV-Priv-Seg\BIV-Priv-Seg\21.jpeg,1,0.466,1
C:\RIT\GA\BIV-Priv-Seg\BIV-Priv-Seg\211.jpeg,0,,0
C:\RIT\GA\BIV-Priv-Seg\BIV-Priv-Seg\212.jpeg,4,0.351;0.311;0.280;0.268,1
C:\RIT\GA\BIV-Priv-Seg\BIV-Priv-Seg\213.jpeg,1,0.51,1
C:\RIT\GA\BIV-Priv-Seg\BIV-Priv-Seg\214.jpeg,2,0.617;0.424,1
C:\RIT\GA\BIV-Priv-Seg\BIV-Priv-Seg\215.jpeg,1,0.656,1
C:\RIT\GA\BIV-Priv-Seg\BIV-Priv-Seg\217.jpeg,2,0.647;0.600,1
C:\RIT\GA\BIV-Priv-Seg\BIV-Priv-Seg\22.jpeg,1,0.285,1
C:\RIT\GA\BIV-Priv-Seg\BIV-Priv-Seg\220.jpeg,1,0.825,1
C:\RIT\GA\BIV-Priv-Seg\BIV-Priv-Seg\221.jpeg,2,0.319;0.316,1
C:\RIT\GA\BIV-Priv-Seg\BIV-Priv-Seg\222.jpeg,0,,0
C:\RIT\GA\BIV-Priv-Seg\BIV-Priv-Seg\224.jpeg,2,0.605;0.413,1
C:\RIT\GA\BIV-Priv-Seg\BIV-Priv-Seg\226.jpeg,1,0.483,1
C:\RIT\GA\BIV-Priv-Seg\BIV-Priv-Seg\228.jpeg,2,0.833;0.454,1
C:\RIT\GA\BIV-Priv-Seg\BIV-Priv-Seg\229.jpeg,0,,0
C:\RIT\GA\BIV-Priv-Seg\BIV-Priv-Seg\23.jpeg,1,0.668,1
C:\RIT\GA\BIV-Priv-Seg\BIV-Priv-Seg\230.jpeg,1,0.285,1
C:\RIT\GA\BIV-Priv-Seg\BIV-Priv-Seg\231.jpeg,3,0.620;0.409;0.251,1
C:\RIT\GA\BIV-Priv-Seg\BIV-Priv-Seg\232.jpeg,1,0.31,1
C:\RIT\GA\BIV-Priv-Seg\BIV-Priv-Seg\234.jpeg,1,0.407,1
C:\RIT\GA\BIV-Priv-Seg\BIV-Priv-Seg\235.jpeg,2,0.572;0.360,1
C:\RIT\GA\BIV-Priv-Seg\BIV-Priv-Seg\236.jpeg,1,0.497,1
C:\RIT\GA\BIV-Priv-Seg\BIV-Priv-Seg\237.jpeg,3,0.337;0.303;0.297,1
C:\RIT\GA\BIV-Priv-Seg\BIV-Priv-Seg\238.jpeg,0,,0
C:\RIT\GA\BIV-Priv-Seg\BIV-Priv-Seg\239.jpeg,5,0.801;0.701;0.592;0.336;0.317,1
C:\RIT\GA\BIV-Priv-Seg\BIV-Priv-Seg\24.jpeg,1,0.365,1
C:\RIT\GA\BIV-Priv-Seg\BIV-Priv-Seg\240.jpeg,0,,0
C:\RIT\GA\BIV-Priv-Seg\BIV-Priv-Seg\242.jpeg,4,0.891;0.620;0.504;0.403,1
C:\RIT\GA\BIV-Priv-Seg\BIV-Priv-Seg\243.jpeg,0,,0
C:\RIT\GA\BIV-Priv-Seg\BIV-Priv-Seg\244.jpeg,2,0.498;0.412,1
C:\RIT\GA\BIV-Priv-Seg\BIV-Priv-Seg\245.jpeg,1,0.623,1
C:\RIT\GA\BIV-Priv-Seg\BIV-Priv-Seg\246.jpeg,1,0.813,1
C:\RIT\GA\BIV-Priv-Seg\BIV-Priv-Seg\247.jpeg,3,0.810;0.430;0.408,1
C:\RIT\GA\BIV-Priv-Seg\BIV-Priv-Seg\248.jpeg,1,0.332,1
C:\RIT\GA\BIV-Priv-Seg\BIV-Priv-Seg\25.jpeg,0,,0
C:\RIT\GA\BIV-Priv-Seg\BIV-Priv-Seg\250.jpeg,5,0.490;0.437;0.366;0.328;0.259,1
C:\RIT\GA\BIV-Priv-Seg\BIV-Priv-Seg\251.jpeg,0,,0
C:\RIT\GA\BIV-Priv-Seg\BIV-Priv-Seg\252.jpeg,1,0.347,1
C:\RIT\GA\BIV-Priv-Seg\BIV-Priv-Seg\253.jpeg,0,,0
C:\RIT\GA\BIV-Priv-Seg\BIV-Priv-Seg\255.jpeg,1,0.588,1
C:\RIT\GA\BIV-Priv-Seg\BIV-Priv-Seg\256.jpeg,0,,0
C:\RIT\GA\BIV-Priv-Seg\BIV-Priv-Seg\257.jpeg,3,0.425;0.416;0.287,1
C:\RIT\GA\BIV-Priv-Seg\BIV-Priv-Seg\258.jpeg,4,0.700;0.588;0.308;0.280,1
C:\RIT\GA\BIV-Priv-Seg\BIV-Priv-Seg\259.jpeg,0,,0
C:\RIT\GA\BIV-Priv-Seg\BIV-Priv-Seg\26.jpeg,1,0.452,1
C:\RIT\GA\BIV-Priv-Seg\BIV-Priv-Seg\260.jpeg,0,,0
C:\RIT\GA\BIV-Priv-Seg\BIV-Priv-Seg\261.jpeg,1,0.422,1
C:\RIT\GA\BIV-Priv-Seg\BIV-Priv-Seg\262.jpeg,2,0.395;0.314,1
C:\RIT\GA\BIV-Priv-Seg\BIV-Priv-Seg\263.jpeg,0,,0
C:\RIT\GA\BIV-Priv-Seg\BIV-Priv-Seg\264.jpeg,3,0.478;0.397;0.252,1
C:\RIT\GA\BIV-Priv-Seg\BIV-Priv-Seg\265.jpeg,1,0.269,1
C:\RIT\GA\BIV-Priv-Seg\BIV-Priv-Seg\266.jpeg,0,,0
C:\RIT\GA\BIV-Priv-Seg\BIV-Priv-Seg\267.jpeg,0,,0
C:\RIT\GA\BIV-Priv-Seg\BIV-Priv-Seg\268.jpeg,1,0.303,1
C:\RIT\GA\BIV-Priv-Seg\BIV-Priv-Seg\269.jpeg,3,0.468;0.381;0.312,1
C:\RIT\GA\BIV-Priv-Seg\BIV-Priv-Seg\27.jpeg,0,,0
C:\RIT\GA\BIV-Priv-Seg\BIV-Priv-Seg\271.jpeg,3,0.759;0.425;0.275,1
C:\RIT\GA\BIV-Priv-Seg\BIV-Priv-Seg\272.jpeg,4,0.345;0.322;0.321;0.274,1
C:\RIT\GA\BIV-Priv-Seg\BIV-Priv-Seg\274.jpeg,0,,0
C:\RIT\GA\BIV-Priv-Seg\BIV-Priv-Seg\275.jpeg,2,0.865;0.255,1
C:\RIT\GA\BIV-Priv-Seg\BIV-Priv-Seg\276.jpeg,1,0.431,1
C:\RIT\GA\BIV-Priv-Seg\BIV-Priv-Seg\277.jpeg,3,0.749;0.581;0.345,1
C:\RIT\GA\BIV-Priv-Seg\BIV-Priv-Seg\278.jpeg,1,0.591,1
C:\RIT\GA\BIV-Priv-Seg\BIV-Priv-Seg\279.jpeg,1,0.329,1
C:\RIT\GA\BIV-Priv-Seg\BIV-Priv-Seg\28.jpeg,1,0.419,1
C:\RIT\GA\BIV-Priv-Seg\BIV-Priv-Seg\280.jpeg,1,0.572,1
C:\RIT\GA\BIV-Priv-Seg\BIV-Priv-Seg\281.jpeg,1,0.336,1
C:\RIT\GA\BIV-Priv-Seg\BIV-Priv-Seg\282.jpeg,1,0.604,1
C:\RIT\GA\BIV-Priv-Seg\BIV-Priv-Seg\283.jpeg,0,,0
C:\RIT\GA\BIV-Priv-Seg\BIV-Priv-Seg\285.jpeg,1,0.442,1
C:\RIT\GA\BIV-Priv-Seg\BIV-Priv-Seg\286.jpeg,1,0.441,1
C:\RIT\GA\BIV-Priv-Seg\BIV-Priv-Seg\287.jpeg,1,0.561,1
C:\RIT\GA\BIV-Priv-Seg\BIV-Priv-Seg\288.jpeg,1,0.686,1
C:\RIT\GA\BIV-Priv-Seg\BIV-Priv-Seg\29.jpeg,0,,0
C:\RIT\GA\BIV-Priv-Seg\BIV-Priv-Seg\290.jpeg,0,,0
C:\RIT\GA\BIV-Priv-Seg\BIV-Priv-Seg\291.jpeg,0,,0
C:\RIT\GA\BIV-Priv-Seg\BIV-Priv-Seg\292.jpeg,1,0.691,1
C:\RIT\GA\BIV-Priv-Seg\BIV-Priv-Seg\293.jpeg,3,0.677;0.587;0.341,1
C:\RIT\GA\BIV-Priv-Seg\BIV-Priv-Seg\294.jpeg,1,0.296,1
C:\RIT\GA\BIV-Priv-Seg\BIV-Priv-Seg\295.jpeg,0,,0
C:\RIT\GA\BIV-Priv-Seg\BIV-Priv-Seg\296.jpeg,0,,0
C:\RIT\GA\BIV-Priv-Seg\BIV-Priv-Seg\297.jpeg,1,0.707,1
C:\RIT\GA\BIV-Priv-Seg\BIV-Priv-Seg\298.jpeg,2,0.427;0.372,1
C:\RIT\GA\BIV-Priv-Seg\BIV-Priv-Seg\299.jpeg,1,0.325,1
C:\RIT\GA\BIV-Priv-Seg\BIV-Priv-Seg\3.jpeg,2,0.364;0.323,1
C:\RIT\GA\BIV-Priv-Seg\BIV-Priv-Seg\30.jpeg,0,,0
C:\RIT\GA\BIV-Priv-Seg\BIV-Priv-Seg\300.jpeg,2,0.442;0.404,1
C:\RIT\GA\BIV-Priv-Seg\BIV-Priv-Seg\301.jpeg,2,0.457;0.264,1
C:\RIT\GA\BIV-Priv-Seg\BIV-Priv-Seg\302.jpeg,1,0.279,1
C:\RIT\GA\BIV-Priv-Seg\BIV-Priv-Seg\303.jpeg,1,0.3,1
C:\RIT\GA\BIV-Priv-Seg\BIV-Priv-Seg\304.jpeg,0,,0
C:\RIT\GA\BIV-Priv-Seg\BIV-Priv-Seg\305.jpeg,0,,0
C:\RIT\GA\BIV-Priv-Seg\BIV-Priv-Seg\306.jpeg,3,0.689;0.334;0.271,1
C:\RIT\GA\BIV-Priv-Seg\BIV-Priv-Seg\307.jpeg,1,0.469,1
C:\RIT\GA\BIV-Priv-Seg\BIV-Priv-Seg\308.jpeg,0,,0
C:\RIT\GA\BIV-Priv-Seg\BIV-Priv-Seg\309.jpeg,1,0.335,1
C:\RIT\GA\BIV-Priv-Seg\BIV-Priv-Seg\31.jpeg,0,,0
C:\RIT\GA\BIV-Priv-Seg\BIV-Priv-Seg\310.jpeg,3,0.641;0.372;0.326,1
C:\RIT\GA\BIV-Priv-Seg\BIV-Priv-Seg\311.jpeg,2,0.385;0.344,1
C:\RIT\GA\BIV-Priv-Seg\BIV-Priv-Seg\312.jpeg,1,0.581,1
C:\RIT\GA\BIV-Priv-Seg\BIV-Priv-Seg\314.jpeg,1,0.267,1
C:\RIT\GA\BIV-Priv-Seg\BIV-Priv-Seg\315.jpeg,0,,0
C:\RIT\GA\BIV-Priv-Seg\BIV-Priv-Seg\317.jpeg,1,0.321,1
C:\RIT\GA\BIV-Priv-Seg\BIV-Priv-Seg\318.jpeg,2,0.558;0.460,1
C:\RIT\GA\BIV-Priv-Seg\BIV-Priv-Seg\319.jpeg,0,,0
C:\RIT\GA\BIV-Priv-Seg\BIV-Priv-Seg\32.jpeg,1,0.505,1
C:\RIT\GA\BIV-Priv-Seg\BIV-Priv-Seg\321.jpeg,4,0.432;0.298;0.283;0.265,1
C:\RIT\GA\BIV-Priv-Seg\BIV-Priv-Seg\323.jpeg,3,0.686;0.473;0.306,1
C:\RIT\GA\BIV-Priv-Seg\BIV-Priv-Seg\324.jpeg,2,0.758;0.374,1
C:\RIT\GA\BIV-Priv-Seg\BIV-Priv-Seg\325.jpeg,2,0.398;0.259,1
C:\RIT\GA\BIV-Priv-Seg\BIV-Priv-Seg\326.jpeg,2,0.266;0.254,1
C:\RIT\GA\BIV-Priv-Seg\BIV-Priv-Seg\327.jpeg,1,0.259,1
C:\RIT\GA\BIV-Priv-Seg\BIV-Priv-Seg\328.jpeg,0,,0
C:\RIT\GA\BIV-Priv-Seg\BIV-Priv-Seg\329.jpeg,2,0.700;0.282,1
C:\RIT\GA\BIV-Priv-Seg\BIV-Priv-Seg\33.jpeg,1,0.259,1
C:\RIT\GA\BIV-Priv-Seg\BIV-Priv-Seg\330.jpeg,2,0.791;0.264,1
C:\RIT\GA\BIV-Priv-Seg\BIV-Priv-Seg\331.jpeg,2,0.840;0.559,1
C:\RIT\GA\BIV-Priv-Seg\BIV-Priv-Seg\332.jpeg,2,0.769;0.718,1
C:\RIT\GA\BIV-Priv-Seg\BIV-Priv-Seg\333.jpeg,2,0.932;0.447,1
C:\RIT\GA\BIV-Priv-Seg\BIV-Priv-Seg\334.jpeg,4,0.673;0.486;0.461;0.342,1
C:\RIT\GA\BIV-Priv-Seg\BIV-Priv-Seg\335.jpeg,1,0.462,1
C:\RIT\GA\BIV-Priv-Seg\BIV-Priv-Seg\336.jpeg,0,,0
C:\RIT\GA\BIV-Priv-Seg\BIV-Priv-Seg\337.jpeg,1,0.886,1
C:\RIT\GA\BIV-Priv-Seg\BIV-Priv-Seg\338.jpeg,2,0.892;0.255,1
C:\RIT\GA\BIV-Priv-Seg\BIV-Priv-Seg\339.jpeg,1,0.356,1
C:\RIT\GA\BIV-Priv-Seg\BIV-Priv-Seg\34.jpeg,1,0.283,1
C:\RIT\GA\BIV-Priv-Seg\BIV-Priv-Seg\340.jpeg,0,,0
C:\RIT\GA\BIV-Priv-Seg\BIV-Priv-Seg\341.jpeg,0,,0
C:\RIT\GA\BIV-Priv-Seg\BIV-Priv-Seg\342.jpeg,3,0.717;0.564;0.469,1
C:\RIT\GA\BIV-Priv-Seg\BIV-Priv-Seg\343.jpeg,1,0.716,1
C:\RIT\GA\BIV-Priv-Seg\BIV-Priv-Seg\344.jpeg,1,0.562,1
C:\RIT\GA\BIV-Priv-Seg\BIV-Priv-Seg\345.jpeg,2,0.562;0.274,1
C:\RIT\GA\BIV-Priv-Seg\BIV-Priv-Seg\346.jpeg,1,0.884,1
C:\RIT\GA\BIV-Priv-Seg\BIV-Priv-Seg\347.jpeg,0,,0
C:\RIT\GA\BIV-Priv-Seg\BIV-Priv-Seg\349.jpeg,3,0.760;0.380;0.269,1
C:\RIT\GA\BIV-Priv-Seg\BIV-Priv-Seg\35.jpeg,1,0.681,1
C:\RIT\GA\BIV-Priv-Seg\BIV-Priv-Seg\350.jpeg,2,0.901;0.495,1
C:\RIT\GA\BIV-Priv-Seg\BIV-Priv-Seg\351.jpeg,1,0.321,1
C:\RIT\GA\BIV-Priv-Seg\BIV-Priv-Seg\352.jpeg,0,,0
C:\RIT\GA\BIV-Priv-Seg\BIV-Priv-Seg\353.jpeg,0,,0
C:\RIT\GA\BIV-Priv-Seg\BIV-Priv-Seg\354.jpeg,0,,0
C:\RIT\GA\BIV-Priv-Seg\BIV-Priv-Seg\355.jpeg,1,0.278,1
C:\RIT\GA\BIV-Priv-Seg\BIV-Priv-Seg\356.jpeg,0,,0
C:\RIT\GA\BIV-Priv-Seg\BIV-Priv-Seg\357.jpeg,0,,0
C:\RIT\GA\BIV-Priv-Seg\BIV-Priv-Seg\358.jpeg,1,0.278,1
C:\RIT\GA\BIV-Priv-Seg\BIV-Priv-Seg\359.jpeg,0,,0
C:\RIT\GA\BIV-Priv-Seg\BIV-Priv-Seg\36.jpeg,3,0.773;0.315;0.292,1
C:\RIT\GA\BIV-Priv-Seg\BIV-Priv-Seg\360.jpeg,1,0.277,1
C:\RIT\GA\BIV-Priv-Seg\BIV-Priv-Seg\361.jpeg,0,,0
C:\RIT\GA\BIV-Priv-Seg\BIV-Priv-Seg\362.jpeg,4,0.551;0.520;0.303;0.256,1
C:\RIT\GA\BIV-Priv-Seg\BIV-Priv-Seg\363.jpeg,0,,0
C:\RIT\GA\BIV-Priv-Seg\BIV-Priv-Seg\364.jpeg,0,,0
C:\RIT\GA\BIV-Priv-Seg\BIV-Priv-Seg\365.jpeg,0,,0
C:\RIT\GA\BIV-Priv-Seg\BIV-Priv-Seg\366.jpeg,0,,0
C:\RIT\GA\BIV-Priv-Seg\BIV-Priv-Seg\367.jpeg,0,,0
C:\RIT\GA\BIV-Priv-Seg\BIV-Priv-Seg\368.jpeg,0,,0
C:\RIT\GA\BIV-Priv-Seg\BIV-Priv-Seg\369.jpeg,0,,0
C:\RIT\GA\BIV-Priv-Seg\BIV-Priv-Seg\37.jpeg,1,0.421,1
C:\RIT\GA\BIV-Priv-Seg\BIV-Priv-Seg\370.jpeg,0,,0
C:\RIT\GA\BIV-Priv-Seg\BIV-Priv-Seg\371.jpeg,0,,0
C:\RIT\GA\BIV-Priv-Seg\BIV-Priv-Seg\372.jpeg,2,0.651;0.575,1
C:\RIT\GA\BIV-Priv-Seg\BIV-Priv-Seg\373.jpeg,0,,0
C:\RIT\GA\BIV-Priv-Seg\BIV-Priv-Seg\374.jpeg,1,0.269,1
C:\RIT\GA\BIV-Priv-Seg\BIV-Priv-Seg\375.jpeg,1,0.321,1
C:\RIT\GA\BIV-Priv-Seg\BIV-Priv-Seg\376.jpeg,1,0.257,1
C:\RIT\GA\BIV-Priv-Seg\BIV-Priv-Seg\377.jpeg,1,0.26,1
C:\RIT\GA\BIV-Priv-Seg\BIV-Priv-Seg\378.jpeg,0,,0
C:\RIT\GA\BIV-Priv-Seg\BIV-Priv-Seg\379.jpeg,0,,0
C:\RIT\GA\BIV-Priv-Seg\BIV-Priv-Seg\38.jpeg,1,0.421,1
C:\RIT\GA\BIV-Priv-Seg\BIV-Priv-Seg\380.jpeg,1,0.527,1
C:\RIT\GA\BIV-Priv-Seg\BIV-Priv-Seg\381.jpeg,1,0.296,1
C:\RIT\GA\BIV-Priv-Seg\BIV-Priv-Seg\382.jpeg,0,,0
C:\RIT\GA\BIV-Priv-Seg\BIV-Priv-Seg\383.jpeg,0,,0
C:\RIT\GA\BIV-Priv-Seg\BIV-Priv-Seg\384.jpeg,1,0.253,1
C:\RIT\GA\BIV-Priv-Seg\BIV-Priv-Seg\385.jpeg,0,,0
C:\RIT\GA\BIV-Priv-Seg\BIV-Priv-Seg\386.jpeg,0,,0
C:\RIT\GA\BIV-Priv-Seg\BIV-Priv-Seg\387.jpeg,1,0.313,1
C:\RIT\GA\BIV-Priv-Seg\BIV-Priv-Seg\388.jpeg,1,0.43,1
C:\RIT\GA\BIV-Priv-Seg\BIV-Priv-Seg\389.jpeg,0,,0
C:\RIT\GA\BIV-Priv-Seg\BIV-Priv-Seg\39.jpeg,2,0.669;0.252,1
C:\RIT\GA\BIV-Priv-Seg\BIV-Priv-Seg\390.jpeg,0,,0
C:\RIT\GA\BIV-Priv-Seg\BIV-Priv-Seg\391.jpeg,0,,0
C:\RIT\GA\BIV-Priv-Seg\BIV-Priv-Seg\392.jpeg,0,,0
C:\RIT\GA\BIV-Priv-Seg\BIV-Priv-Seg\393.jpeg,0,,0
C:\RIT\GA\BIV-Priv-Seg\BIV-Priv-Seg\394.jpeg,0,,0
C:\RIT\GA\BIV-Priv-Seg\BIV-Priv-Seg\395.jpeg,0,,0
C:\RIT\GA\BIV-Priv-Seg\BIV-Priv-Seg\396.jpeg,0,,0
C:\RIT\GA\BIV-Priv-Seg\BIV-Priv-Seg\397.jpeg,0,,0
C:\RIT\GA\BIV-Priv-Seg\BIV-Priv-Seg\398.jpeg,0,,0
C:\RIT\GA\BIV-Priv-Seg\BIV-Priv-Seg\399.jpeg,0,,0
C:\RIT\GA\BIV-Priv-Seg\BIV-Priv-Seg\4.jpeg,1,0.644,1
C:\RIT\GA\BIV-Priv-Seg\BIV-Priv-Seg\40.jpeg,0,,0
C:\RIT\GA\BIV-Priv-Seg\BIV-Priv-Seg\400.jpeg,0,,0
C:\RIT\GA\BIV-Priv-Seg\BIV-Priv-Seg\401.jpeg,1,0.516,1
C:\RIT\GA\BIV-Priv-Seg\BIV-Priv-Seg\402.jpeg,1,0.266,1
C:\RIT\GA\BIV-Priv-Seg\BIV-Priv-Seg\403.jpeg,0,,0
C:\RIT\GA\BIV-Priv-Seg\BIV-Priv-Seg\404.jpeg,0,,0
C:\RIT\GA\BIV-Priv-Seg\BIV-Priv-Seg\405.jpeg,1,0.28,1
C:\RIT\GA\BIV-Priv-Seg\BIV-Priv-Seg\406.jpeg,0,,0
C:\RIT\GA\BIV-Priv-Seg\BIV-Priv-Seg\407.jpeg,1,0.259,1
C:\RIT\GA\BIV-Priv-Seg\BIV-Priv-Seg\408.jpeg,0,,0
C:\RIT\GA\BIV-Priv-Seg\BIV-Priv-Seg\409.jpeg,0,,0
C:\RIT\GA\BIV-Priv-Seg\BIV-Priv-Seg\41.jpeg,0,,0
C:\RIT\GA\BIV-Priv-Seg\BIV-Priv-Seg\410.jpeg,0,,0
C:\RIT\GA\BIV-Priv-Seg\BIV-Priv-Seg\411.jpeg,0,,0
C:\RIT\GA\BIV-Priv-Seg\BIV-Priv-Seg\412.jpeg,0,,0
C:\RIT\GA\BIV-Priv-Seg\BIV-Priv-Seg\413.jpeg,1,0.475,1
C:\RIT\GA\BIV-Priv-Seg\BIV-Priv-Seg\414.jpeg,3,0.505;0.352;0.312,1
C:\RIT\GA\BIV-Priv-Seg\BIV-Priv-Seg\415.jpeg,1,0.408,1
C:\RIT\GA\BIV-Priv-Seg\BIV-Priv-Seg\416.jpeg,0,,0
C:\RIT\GA\BIV-Priv-Seg\BIV-Priv-Seg\417.jpeg,1,0.785,1
C:\RIT\GA\BIV-Priv-Seg\BIV-Priv-Seg\418.jpeg,0,,0
C:\RIT\GA\BIV-Priv-Seg\BIV-Priv-Seg\419.jpeg,0,,0
C:\RIT\GA\BIV-Priv-Seg\BIV-Priv-Seg\42.jpeg,2,0.708;0.286,1
C:\RIT\GA\BIV-Priv-Seg\BIV-Priv-Seg\420.jpeg,1,0.335,1
C:\RIT\GA\BIV-Priv-Seg\BIV-Priv-Seg\421.jpeg,0,,0
C:\RIT\GA\BIV-Priv-Seg\BIV-Priv-Seg\422.jpeg,0,,0
C:\RIT\GA\BIV-Priv-Seg\BIV-Priv-Seg\423.jpeg,0,,0
C:\RIT\GA\BIV-Priv-Seg\BIV-Priv-Seg\424.jpeg,0,,0
C:\RIT\GA\BIV-Priv-Seg\BIV-Priv-Seg\425.jpeg,0,,0
C:\RIT\GA\BIV-Priv-Seg\BIV-Priv-Seg\426.jpeg,0,,0
C:\RIT\GA\BIV-Priv-Seg\BIV-Priv-Seg\427.jpeg,0,,0
C:\RIT\GA\BIV-Priv-Seg\BIV-Priv-Seg\428.jpeg,1,0.297,1
C:\RIT\GA\BIV-Priv-Seg\BIV-Priv-Seg\429.jpeg,3,0.611;0.566;0.414,1
C:\RIT\GA\BIV-Priv-Seg\BIV-Priv-Seg\43.jpeg,0,,0
C:\RIT\GA\BIV-Priv-Seg\BIV-Priv-Seg\430.jpeg,0,,0
C:\RIT\GA\BIV-Priv-Seg\BIV-Priv-Seg\431.jpeg,1,0.719,1
C:\RIT\GA\BIV-Priv-Seg\BIV-Priv-Seg\432.jpeg,1,0.364,1
C:\RIT\GA\BIV-Priv-Seg\BIV-Priv-Seg\433.jpeg,2,0.376;0.331,1
C:\RIT\GA\BIV-Priv-Seg\BIV-Priv-Seg\434.jpeg,2,0.424;0.271,1
C:\RIT\GA\BIV-Priv-Seg\BIV-Priv-Seg\435.jpeg,0,,0
C:\RIT\GA\BIV-Priv-Seg\BIV-Priv-Seg\436.jpeg,0,,0
C:\RIT\GA\BIV-Priv-Seg\BIV-Priv-Seg\437.jpeg,2,0.810;0.255,1
C:\RIT\GA\BIV-Priv-Seg\BIV-Priv-Seg\438.jpeg,1,0.667,1
C:\RIT\GA\BIV-Priv-Seg\BIV-Priv-Seg\439.jpeg,3,0.401;0.376;0.334,1
C:\RIT\GA\BIV-Priv-Seg\BIV-Priv-Seg\44.jpeg,1,0.442,1
C:\RIT\GA\BIV-Priv-Seg\BIV-Priv-Seg\440.jpeg,1,0.254,1
C:\RIT\GA\BIV-Priv-Seg\BIV-Priv-Seg\441.jpeg,6,0.725;0.287;0.263;0.258;0.255;0.250,1
C:\RIT\GA\BIV-Priv-Seg\BIV-Priv-Seg\442.jpeg,2,0.569;0.315,1
C:\RIT\GA\BIV-Priv-Seg\BIV-Priv-Seg\443.jpeg,1,0.852,1
C:\RIT\GA\BIV-Priv-Seg\BIV-Priv-Seg\444.jpeg,3,0.710;0.624;0.564,1
C:\RIT\GA\BIV-Priv-Seg\BIV-Priv-Seg\445.jpeg,4,0.359;0.273;0.261;0.260,1
C:\RIT\GA\BIV-Priv-Seg\BIV-Priv-Seg\446.jpeg,3,0.274;0.273;0.253,1
C:\RIT\GA\BIV-Priv-Seg\BIV-Priv-Seg\447.jpeg,2,0.553;0.349,1
C:\RIT\GA\BIV-Priv-Seg\BIV-Priv-Seg\448.jpeg,1,0.483,1
C:\RIT\GA\BIV-Priv-Seg\BIV-Priv-Seg\449.jpeg,1,0.253,1
C:\RIT\GA\BIV-Priv-Seg\BIV-Priv-Seg\45.jpeg,0,,0
C:\RIT\GA\BIV-Priv-Seg\BIV-Priv-Seg\450.jpeg,2,0.715;0.310,1
C:\RIT\GA\BIV-Priv-Seg\BIV-Priv-Seg\451.jpeg,1,0.273,1
C:\RIT\GA\BIV-Priv-Seg\BIV-Priv-Seg\452.jpeg,3,0.564;0.438;0.314,1
C:\RIT\GA\BIV-Priv-Seg\BIV-Priv-Seg\453.jpeg,3,0.661;0.387;0.274,1
C:\RIT\GA\BIV-Priv-Seg\BIV-Priv-Seg\454.jpeg,4,0.445;0.406;0.348;0.261,1
C:\RIT\GA\BIV-Priv-Seg\BIV-Priv-Seg\455.jpeg,0,,0
C:\RIT\GA\BIV-Priv-Seg\BIV-Priv-Seg\456.jpeg,2,0.816;0.295,1
C:\RIT\GA\BIV-Priv-Seg\BIV-Priv-Seg\457.jpeg,2,0.802;0.285,1
C:\RIT\GA\BIV-Priv-Seg\BIV-Priv-Seg\458.jpeg,1,0.562,1
C:\RIT\GA\BIV-Priv-Seg\BIV-Priv-Seg\459.jpeg,0,,0
C:\RIT\GA\BIV-Priv-Seg\BIV-Priv-Seg\46.jpeg,0,,0
C:\RIT\GA\BIV-Priv-Seg\BIV-Priv-Seg\460.jpeg,2,0.606;0.561,1
C:\RIT\GA\BIV-Priv-Seg\BIV-Priv-Seg\461.jpeg,3,0.702;0.499;0.360,1
C:\RIT\GA\BIV-Priv-Seg\BIV-Priv-Seg\462.jpeg,2,0.318;0.318,1
C:\RIT\GA\BIV-Priv-Seg\BIV-Priv-Seg\463.jpeg,0,,0
C:\RIT\GA\BIV-Priv-Seg\BIV-Priv-Seg\464.jpeg,3,0.657;0.542;0.386,1
C:\RIT\GA\BIV-Priv-Seg\BIV-Priv-Seg\465.jpeg,5,0.582;0.434;0.370;0.344;0.342,1
C:\RIT\GA\BIV-Priv-Seg\BIV-Priv-Seg\466.jpeg,3,0.680;0.619;0.383,1
C:\RIT\GA\BIV-Priv-Seg\BIV-Priv-Seg\467.jpeg,0,,0
C:\RIT\GA\BIV-Priv-Seg\BIV-Priv-Seg\468.jpeg,4,0.677;0.583;0.337;0.289,1
C:\RIT\GA\BIV-Priv-Seg\BIV-Priv-Seg\469.jpeg,2,0.606;0.485,1
C:\RIT\GA\BIV-Priv-Seg\BIV-Priv-Seg\47.jpeg,1,0.292,1
C:\RIT\GA\BIV-Priv-Seg\BIV-Priv-Seg\471.jpeg,3,0.900;0.535;0.361,1
C:\RIT\GA\BIV-Priv-Seg\BIV-Priv-Seg\472.jpeg,2,0.557;0.446,1
C:\RIT\GA\BIV-Priv-Seg\BIV-Priv-Seg\473.jpeg,2,0.724;0.361,1
C:\RIT\GA\BIV-Priv-Seg\BIV-Priv-Seg\475.jpeg,0,,0
C:\RIT\GA\BIV-Priv-Seg\BIV-Priv-Seg\477.jpeg,0,,0
C:\RIT\GA\BIV-Priv-Seg\BIV-Priv-Seg\478.jpeg,0,,0
C:\RIT\GA\BIV-Priv-Seg\BIV-Priv-Seg\48.jpeg,0,,0
C:\RIT\GA\BIV-Priv-Seg\BIV-Priv-Seg\482.jpeg,1,0.462,1
C:\RIT\GA\BIV-Priv-Seg\BIV-Priv-Seg\483.jpeg,0,,0
C:\RIT\GA\BIV-Priv-Seg\BIV-Priv-Seg\487.jpeg,1,0.391,1
C:\RIT\GA\BIV-Priv-Seg\BIV-Priv-Seg\489.jpeg,1,0.39,1
C:\RIT\GA\BIV-Priv-Seg\BIV-Priv-Seg\49.jpeg,0,,0
C:\RIT\GA\BIV-Priv-Seg\BIV-Priv-Seg\493.jpeg,4,0.335;0.317;0.302;0.288,1
C:\RIT\GA\BIV-Priv-Seg\BIV-Priv-Seg\494.jpeg,0,,0
C:\RIT\GA\BIV-Priv-Seg\BIV-Priv-Seg\5.jpeg,1,0.327,1
C:\RIT\GA\BIV-Priv-Seg\BIV-Priv-Seg\50.jpeg,1,0.522,1
C:\RIT\GA\BIV-Priv-Seg\BIV-Priv-Seg\500.jpeg,1,0.272,1
C:\RIT\GA\BIV-Priv-Seg\BIV-Priv-Seg\502.jpeg,0,,0
C:\RIT\GA\BIV-Priv-Seg\BIV-Priv-Seg\503.jpeg,0,,0
C:\RIT\GA\BIV-Priv-Seg\BIV-Priv-Seg\504.jpeg,0,,0
C:\RIT\GA\BIV-Priv-Seg\BIV-Priv-Seg\505.jpeg,0,,0
C:\RIT\GA\BIV-Priv-Seg\BIV-Priv-Seg\506.jpeg,1,0.287,1
C:\RIT\GA\BIV-Priv-Seg\BIV-Priv-Seg\507.jpeg,0,,0
C:\RIT\GA\BIV-Priv-Seg\BIV-Priv-Seg\508.jpeg,0,,0
C:\RIT\GA\BIV-Priv-Seg\BIV-Priv-Seg\509.jpeg,0,,0
C:\RIT\GA\BIV-Priv-Seg\BIV-Priv-Seg\51.jpeg,0,,0
C:\RIT\GA\BIV-Priv-Seg\BIV-Priv-Seg\510.jpeg,0,,0
C:\RIT\GA\BIV-Priv-Seg\BIV-Priv-Seg\511.jpeg,1,0.501,1
C:\RIT\GA\BIV-Priv-Seg\BIV-Priv-Seg\512.jpeg,1,0.311,1
C:\RIT\GA\BIV-Priv-Seg\BIV-Priv-Seg\513.jpeg,3,0.318;0.303;0.285,1
C:\RIT\GA\BIV-Priv-Seg\BIV-Priv-Seg\514.jpeg,0,,0
C:\RIT\GA\BIV-Priv-Seg\BIV-Priv-Seg\515.jpeg,0,,0
C:\RIT\GA\BIV-Priv-Seg\BIV-Priv-Seg\516.jpeg,0,,0
C:\RIT\GA\BIV-Priv-Seg\BIV-Priv-Seg\517.jpeg,0,,0
C:\RIT\GA\BIV-Priv-Seg\BIV-Priv-Seg\518.jpeg,0,,0
C:\RIT\GA\BIV-Priv-Seg\BIV-Priv-Seg\519.jpeg,0,,0
C:\RIT\GA\BIV-Priv-Seg\BIV-Priv-Seg\52.jpeg,1,0.318,1
C:\RIT\GA\BIV-Priv-Seg\BIV-Priv-Seg\520.jpeg,1,0.347,1
C:\RIT\GA\BIV-Priv-Seg\BIV-Priv-Seg\521.jpeg,0,,0
C:\RIT\GA\BIV-Priv-Seg\BIV-Priv-Seg\522.jpeg,0,,0
C:\RIT\GA\BIV-Priv-Seg\BIV-Priv-Seg\523.jpeg,0,,0
C:\RIT\GA\BIV-Priv-Seg\BIV-Priv-Seg\524.jpeg,0,,0
C:\RIT\GA\BIV-Priv-Seg\BIV-Priv-Seg\525.jpeg,1,0.265,1
C:\RIT\GA\BIV-Priv-Seg\BIV-Priv-Seg\526.jpeg,0,,0
C:\RIT\GA\BIV-Priv-Seg\BIV-Priv-Seg\527.jpeg,0,,0
C:\RIT\GA\BIV-Priv-Seg\BIV-Priv-Seg\528.jpeg,0,,0
C:\RIT\GA\BIV-Priv-Seg\BIV-Priv-Seg\529.jpeg,1,0.486,1
C:\RIT\GA\BIV-Priv-Seg\BIV-Priv-Seg\530.jpeg,2,0.494;0.435,1
C:\RIT\GA\BIV-Priv-Seg\BIV-Priv-Seg\531.jpeg,0,,0
C:\RIT\GA\BIV-Priv-Seg\BIV-Priv-Seg\532.jpeg,0,,0
C:\RIT\GA\BIV-Priv-Seg\BIV-Priv-Seg\533.jpeg,0,,0
C:\RIT\GA\BIV-Priv-Seg\BIV-Priv-Seg\534.jpeg,0,,0
C:\RIT\GA\BIV-Priv-Seg\BIV-Priv-Seg\535.jpeg,1,0.409,1
C:\RIT\GA\BIV-Priv-Seg\BIV-Priv-Seg\536.jpeg,0,,0
C:\RIT\GA\BIV-Priv-Seg\BIV-Priv-Seg\537.jpeg,1,0.304,1
C:\RIT\GA\BIV-Priv-Seg\BIV-Priv-Seg\538.jpeg,0,,0
C:\RIT\GA\BIV-Priv-Seg\BIV-Priv-Seg\539.jpeg,0,,0
C:\RIT\GA\BIV-Priv-Seg\BIV-Priv-Seg\54.jpeg,2,0.698;0.281,1
C:\RIT\GA\BIV-Priv-Seg\BIV-Priv-Seg\540.jpeg,0,,0
C:\RIT\GA\BIV-Priv-Seg\BIV-Priv-Seg\541.jpeg,0,,0
C:\RIT\GA\BIV-Priv-Seg\BIV-Priv-Seg\542.jpeg,0,,0
C:\RIT\GA\BIV-Priv-Seg\BIV-Priv-Seg\543.jpeg,0,,0
C:\RIT\GA\BIV-Priv-Seg\BIV-Priv-Seg\544.jpeg,0,,0
C:\RIT\GA\BIV-Priv-Seg\BIV-Priv-Seg\546.jpeg,0,,0
C:\RIT\GA\BIV-Priv-Seg\BIV-Priv-Seg\547.jpeg,0,,0
C:\RIT\GA\BIV-Priv-Seg\BIV-Priv-Seg\548.jpeg,0,,0
C:\RIT\GA\BIV-Priv-Seg\BIV-Priv-Seg\549.jpeg,1,0.562,1
C:\RIT\GA\BIV-Priv-Seg\BIV-Priv-Seg\55.jpeg,2,0.647;0.297,1
C:\RIT\GA\BIV-Priv-Seg\BIV-Priv-Seg\550.jpeg,0,,0
C:\RIT\GA\BIV-Priv-Seg\BIV-Priv-Seg\551.jpeg,1,0.521,1
C:\RIT\GA\BIV-Priv-Seg\BIV-Priv-Seg\552.jpeg,0,,0
C:\RIT\GA\BIV-Priv-Seg\BIV-Priv-Seg\553.jpeg,1,0.626,1
C:\RIT\GA\BIV-Priv-Seg\BIV-Priv-Seg\554.jpeg,0,,0
C:\RIT\GA\BIV-Priv-Seg\BIV-Priv-Seg\555.jpeg,0,,0
C:\RIT\GA\BIV-Priv-Seg\BIV-Priv-Seg\556.jpeg,0,,0
C:\RIT\GA\BIV-Priv-Seg\BIV-Priv-Seg\557.jpeg,0,,0
C:\RIT\GA\BIV-Priv-Seg\BIV-Priv-Seg\558.jpeg,0,,0
C:\RIT\GA\BIV-Priv-Seg\BIV-Priv-Seg\559.jpeg,1,0.484,1
C:\RIT\GA\BIV-Priv-Seg\BIV-Priv-Seg\56.jpeg,2,0.674;0.482,1
C:\RIT\GA\BIV-Priv-Seg\BIV-Priv-Seg\560.jpeg,0,,0
C:\RIT\GA\BIV-Priv-Seg\BIV-Priv-Seg\561.jpeg,0,,0
C:\RIT\GA\BIV-Priv-Seg\BIV-Priv-Seg\562.jpeg,1,0.533,1
C:\RIT\GA\BIV-Priv-Seg\BIV-Priv-Seg\563.jpeg,1,0.45,1
C:\RIT\GA\BIV-Priv-Seg\BIV-Priv-Seg\564.jpeg,0,,0
C:\RIT\GA\BIV-Priv-Seg\BIV-Priv-Seg\565.jpeg,2,0.308;0.306,1
C:\RIT\GA\BIV-Priv-Seg\BIV-Priv-Seg\566.jpeg,0,,0
C:\RIT\GA\BIV-Priv-Seg\BIV-Priv-Seg\567.jpeg,0,,0
C:\RIT\GA\BIV-Priv-Seg\BIV-Priv-Seg\568.jpeg,0,,0
C:\RIT\GA\BIV-Priv-Seg\BIV-Priv-Seg\569.jpeg,0,,0
C:\RIT\GA\BIV-Priv-Seg\BIV-Priv-Seg\57.jpeg,1,0.289,1
C:\RIT\GA\BIV-Priv-Seg\BIV-Priv-Seg\570.jpeg,1,0.444,1
C:\RIT\GA\BIV-Priv-Seg\BIV-Priv-Seg\571.jpeg,1,0.345,1
C:\RIT\GA\BIV-Priv-Seg\BIV-Priv-Seg\572.jpeg,0,,0
C:\RIT\GA\BIV-Priv-Seg\BIV-Priv-Seg\573.jpeg,1,0.339,1
C:\RIT\GA\BIV-Priv-Seg\BIV-Priv-Seg\574.jpeg,0,,0
C:\RIT\GA\BIV-Priv-Seg\BIV-Priv-Seg\575.jpeg,0,,0
C:\RIT\GA\BIV-Priv-Seg\BIV-Priv-Seg\576.jpeg,0,,0
C:\RIT\GA\BIV-Priv-Seg\BIV-Priv-Seg\577.jpeg,0,,0
C:\RIT\GA\BIV-Priv-Seg\BIV-Priv-Seg\578.jpeg,0,,0
C:\RIT\GA\BIV-Priv-Seg\BIV-Priv-Seg\579.jpeg,0,,0
C:\RIT\GA\BIV-Priv-Seg\BIV-Priv-Seg\58.jpeg,1,0.269,1
C:\RIT\GA\BIV-Priv-Seg\BIV-Priv-Seg\580.jpeg,0,,0
C:\RIT\GA\BIV-Priv-Seg\BIV-Priv-Seg\581.jpeg,0,,0
C:\RIT\GA\BIV-Priv-Seg\BIV-Priv-Seg\582.jpeg,0,,0
C:\RIT\GA\BIV-Priv-Seg\BIV-Priv-Seg\583.jpeg,0,,0
C:\RIT\GA\BIV-Priv-Seg\BIV-Priv-Seg\584.jpeg,0,,0
C:\RIT\GA\BIV-Priv-Seg\BIV-Priv-Seg\585.jpeg,0,,0
C:\RIT\GA\BIV-Priv-Seg\BIV-Priv-Seg\586.jpeg,2,0.734;0.255,1
C:\RIT\GA\BIV-Priv-Seg\BIV-Priv-Seg\587.jpeg,5,0.592;0.589;0.535;0.448;0.337,1
C:\RIT\GA\BIV-Priv-Seg\BIV-Priv-Seg\588.jpeg,0,,0
C:\RIT\GA\BIV-Priv-Seg\BIV-Priv-Seg\589.jpeg,1,0.46,1
C:\RIT\GA\BIV-Priv-Seg\BIV-Priv-Seg\59.jpeg,1,0.758,1
C:\RIT\GA\BIV-Priv-Seg\BIV-Priv-Seg\590.jpeg,0,,0
C:\RIT\GA\BIV-Priv-Seg\BIV-Priv-Seg\591.jpeg,2,0.337;0.265,1
C:\RIT\GA\BIV-Priv-Seg\BIV-Priv-Seg\592.jpeg,4,0.906;0.382;0.346;0.252,1
C:\RIT\GA\BIV-Priv-Seg\BIV-Priv-Seg\593.jpeg,0,,0
C:\RIT\GA\BIV-Priv-Seg\BIV-Priv-Seg\594.jpeg,0,,0
C:\RIT\GA\BIV-Priv-Seg\BIV-Priv-Seg\595.jpeg,2,0.844;0.492,1
C:\RIT\GA\BIV-Priv-Seg\BIV-Priv-Seg\596.jpeg,0,,0
C:\RIT\GA\BIV-Priv-Seg\BIV-Priv-Seg\597.jpeg,1,0.467,1
C:\RIT\GA\BIV-Priv-Seg\BIV-Priv-Seg\598.jpeg,2,0.502;0.254,1
C:\RIT\GA\BIV-Priv-Seg\BIV-Priv-Seg\599.jpeg,1,0.346,1
C:\RIT\GA\BIV-Priv-Seg\BIV-Priv-Seg\6.jpeg,0,,0
C:\RIT\GA\BIV-Priv-Seg\BIV-Priv-Seg\60.jpeg,2,0.473;0.428,1
C:\RIT\GA\BIV-Priv-Seg\BIV-Priv-Seg\601.jpeg,0,,0
C:\RIT\GA\BIV-Priv-Seg\BIV-Priv-Seg\602.jpeg,1,0.724,1
C:\RIT\GA\BIV-Priv-Seg\BIV-Priv-Seg\603.jpeg,0,,0
C:\RIT\GA\BIV-Priv-Seg\BIV-Priv-Seg\604.jpeg,6,0.640;0.574;0.451;0.365;0.314;0.268,1
C:\RIT\GA\BIV-Priv-Seg\BIV-Priv-Seg\605.jpeg,1,0.513,1
C:\RIT\GA\BIV-Priv-Seg\BIV-Priv-Seg\606.jpeg,1,0.451,1
C:\RIT\GA\BIV-Priv-Seg\BIV-Priv-Seg\607.jpeg,0,,0
C:\RIT\GA\BIV-Priv-Seg\BIV-Priv-Seg\608.jpeg,0,,0
C:\RIT\GA\BIV-Priv-Seg\BIV-Priv-Seg\609.jpeg,1,0.35,1
C:\RIT\GA\BIV-Priv-Seg\BIV-Priv-Seg\61.jpeg,1,0.608,1
C:\RIT\GA\BIV-Priv-Seg\BIV-Priv-Seg\610.jpeg,1,0.426,1
C:\RIT\GA\BIV-Priv-Seg\BIV-Priv-Seg\611.jpeg,0,,0
C:\RIT\GA\BIV-Priv-Seg\BIV-Priv-Seg\612.jpeg,1,0.823,1
C:\RIT\GA\BIV-Priv-Seg\BIV-Priv-Seg\613.jpeg,4,0.411;0.311;0.280;0.274,1
C:\RIT\GA\BIV-Priv-Seg\BIV-Priv-Seg\614.jpeg,4,0.563;0.428;0.423;0.336,1
C:\RIT\GA\BIV-Priv-Seg\BIV-Priv-Seg\615.jpeg,1,0.642,1
C:\RIT\GA\BIV-Priv-Seg\BIV-Priv-Seg\616.jpeg,2,0.499;0.359,1
C:\RIT\GA\BIV-Priv-Seg\BIV-Priv-Seg\617.jpeg,1,0.544,1
C:\RIT\GA\BIV-Priv-Seg\BIV-Priv-Seg\618.jpeg,3,0.828;0.332;0.289,1
C:\RIT\GA\BIV-Priv-Seg\BIV-Priv-Seg\619.jpeg,0,,0
C:\RIT\GA\BIV-Priv-Seg\BIV-Priv-Seg\62.jpeg,1,0.442,1
C:\RIT\GA\BIV-Priv-Seg\BIV-Priv-Seg\620.jpeg,0,,0
C:\RIT\GA\BIV-Priv-Seg\BIV-Priv-Seg\621.jpeg,3,0.651;0.385;0.349,1
C:\RIT\GA\BIV-Priv-Seg\BIV-Priv-Seg\622.jpeg,1,0.451,1
C:\RIT\GA\BIV-Priv-Seg\BIV-Priv-Seg\623.jpeg,0,,0
C:\RIT\GA\BIV-Priv-Seg\BIV-Priv-Seg\624.jpeg,2,0.261;0.255,1
C:\RIT\GA\BIV-Priv-Seg\BIV-Priv-Seg\625.jpeg,0,,0
C:\RIT\GA\BIV-Priv-Seg\BIV-Priv-Seg\626.jpeg,0,,0
C:\RIT\GA\BIV-Priv-Seg\BIV-Priv-Seg\627.jpeg,0,,0
C:\RIT\GA\BIV-Priv-Seg\BIV-Priv-Seg\628.jpeg,0,,0
C:\RIT\GA\BIV-Priv-Seg\BIV-Priv-Seg\629.jpeg,1,0.278,1
C:\RIT\GA\BIV-Priv-Seg\BIV-Priv-Seg\63.jpeg,2,0.764;0.292,1
C:\RIT\GA\BIV-Priv-Seg\BIV-Priv-Seg\630.jpeg,2,0.357;0.318,1
C:\RIT\GA\BIV-Priv-Seg\BIV-Priv-Seg\631.jpeg,1,0.532,1
C:\RIT\GA\BIV-Priv-Seg\BIV-Priv-Seg\632.jpeg,0,,0
C:\RIT\GA\BIV-Priv-Seg\BIV-Priv-Seg\633.jpeg,2,0.391;0.301,1
C:\RIT\GA\BIV-Priv-Seg\BIV-Priv-Seg\635.jpeg,2,0.639;0.588,1
C:\RIT\GA\BIV-Priv-Seg\BIV-Priv-Seg\636.jpeg,0,,0
C:\RIT\GA\BIV-Priv-Seg\BIV-Priv-Seg\637.jpeg,1,0.658,1
C:\RIT\GA\BIV-Priv-Seg\BIV-Priv-Seg\638.jpeg,2,0.714;0.322,1
C:\RIT\GA\BIV-Priv-Seg\BIV-Priv-Seg\639.jpeg,0,,0
C:\RIT\GA\BIV-Priv-Seg\BIV-Priv-Seg\64.jpeg,2,0.787;0.382,1
C:\RIT\GA\BIV-Priv-Seg\BIV-Priv-Seg\640.jpeg,0,,0
C:\RIT\GA\BIV-Priv-Seg\BIV-Priv-Seg\641.jpeg,3,0.501;0.371;0.351,1
C:\RIT\GA\BIV-Priv-Seg\BIV-Priv-Seg\642.jpeg,0,,0
C:\RIT\GA\BIV-Priv-Seg\BIV-Priv-Seg\643.jpeg,1,0.315,1
C:\RIT\GA\BIV-Priv-Seg\BIV-Priv-Seg\644.jpeg,0,,0
C:\RIT\GA\BIV-Priv-Seg\BIV-Priv-Seg\646.jpeg,1,0.491,1
C:\RIT\GA\BIV-Priv-Seg\BIV-Priv-Seg\647.jpeg,0,,0
C:\RIT\GA\BIV-Priv-Seg\BIV-Priv-Seg\648.jpeg,1,0.627,1
C:\RIT\GA\BIV-Priv-Seg\BIV-Priv-Seg\649.jpeg,0,,0
C:\RIT\GA\BIV-Priv-Seg\BIV-Priv-Seg\65.jpeg,0,,0
C:\RIT\GA\BIV-Priv-Seg\BIV-Priv-Seg\650.jpeg,2,0.487;0.421,1
C:\RIT\GA\BIV-Priv-Seg\BIV-Priv-Seg\651.jpeg,1,0.344,1
C:\RIT\GA\BIV-Priv-Seg\BIV-Priv-Seg\652.jpeg,0,,0
C:\RIT\GA\BIV-Priv-Seg\BIV-Priv-Seg\653.jpeg,0,,0
C:\RIT\GA\BIV-Priv-Seg\BIV-Priv-Seg\654.jpeg,0,,0
C:\RIT\GA\BIV-Priv-Seg\BIV-Priv-Seg\655.jpeg,6,0.723;0.572;0.519;0.505;0.292;0.284,1
C:\RIT\GA\BIV-Priv-Seg\BIV-Priv-Seg\656.jpeg,1,0.478,1
C:\RIT\GA\BIV-Priv-Seg\BIV-Priv-Seg\657.jpeg,1,0.428,1
C:\RIT\GA\BIV-Priv-Seg\BIV-Priv-Seg\659.jpeg,0,,0
C:\RIT\GA\BIV-Priv-Seg\BIV-Priv-Seg\66.jpeg,1,0.267,1
C:\RIT\GA\BIV-Priv-Seg\BIV-Priv-Seg\660.jpeg,2,0.506;0.345,1
C:\RIT\GA\BIV-Priv-Seg\BIV-Priv-Seg\661.jpeg,0,,0
C:\RIT\GA\BIV-Priv-Seg\BIV-Priv-Seg\663.jpeg,1,0.602,1
C:\RIT\GA\BIV-Priv-Seg\BIV-Priv-Seg\664.jpeg,0,,0
C:\RIT\GA\BIV-Priv-Seg\BIV-Priv-Seg\665.jpeg,1,0.402,1
C:\RIT\GA\BIV-Priv-Seg\BIV-Priv-Seg\666.jpeg,1,0.63,1
C:\RIT\GA\BIV-Priv-Seg\BIV-Priv-Seg\667.jpeg,0,,0
C:\RIT\GA\BIV-Priv-Seg\BIV-Priv-Seg\669.jpeg,0,,0
C:\RIT\GA\BIV-Priv-Seg\BIV-Priv-Seg\67.jpeg,1,0.411,1
C:\RIT\GA\BIV-Priv-Seg\BIV-Priv-Seg\670.jpeg,0,,0
C:\RIT\GA\BIV-Priv-Seg\BIV-Priv-Seg\671.jpeg,0,,0
C:\RIT\GA\BIV-Priv-Seg\BIV-Priv-Seg\672.jpeg,0,,0
C:\RIT\GA\BIV-Priv-Seg\BIV-Priv-Seg\673.jpeg,0,,0
C:\RIT\GA\BIV-Priv-Seg\BIV-Priv-Seg\675.jpeg,0,,0
C:\RIT\GA\BIV-Priv-Seg\BIV-Priv-Seg\676.jpeg,0,,0
C:\RIT\GA\BIV-Priv-Seg\BIV-Priv-Seg\677.jpeg,0,,0
C:\RIT\GA\BIV-Priv-Seg\BIV-Priv-Seg\678.jpeg,0,,0
C:\RIT\GA\BIV-Priv-Seg\BIV-Priv-Seg\679.jpeg,0,,0
C:\RIT\GA\BIV-Priv-Seg\BIV-Priv-Seg\68.jpeg,1,0.289,1
C:\RIT\GA\BIV-Priv-Seg\BIV-Priv-Seg\680.jpeg,0,,0
C:\RIT\GA\BIV-Priv-Seg\BIV-Priv-Seg\681.jpeg,1,0.665,1
C:\RIT\GA\BIV-Priv-Seg\BIV-Priv-Seg\682.jpeg,2,0.463;0.273,1
C:\RIT\GA\BIV-Priv-Seg\BIV-Priv-Seg\683.jpeg,0,,0
C:\RIT\GA\BIV-Priv-Seg\BIV-Priv-Seg\684.jpeg,0,,0
C:\RIT\GA\BIV-Priv-Seg\BIV-Priv-Seg\685.jpeg,1,0.304,1
C:\RIT\GA\BIV-Priv-Seg\BIV-Priv-Seg\686.jpeg,0,,0
C:\RIT\GA\BIV-Priv-Seg\BIV-Priv-Seg\687.jpeg,0,,0
C:\RIT\GA\BIV-Priv-Seg\BIV-Priv-Seg\688.jpeg,0,,0
C:\RIT\GA\BIV-Priv-Seg\BIV-Priv-Seg\689.jpeg,2,0.384;0.304,1
C:\RIT\GA\BIV-Priv-Seg\BIV-Priv-Seg\69.jpeg,0,,0
C:\RIT\GA\BIV-Priv-Seg\BIV-Priv-Seg\690.jpeg,1,0.462,1
C:\RIT\GA\BIV-Priv-Seg\BIV-Priv-Seg\691.jpeg,1,0.347,1
C:\RIT\GA\BIV-Priv-Seg\BIV-Priv-Seg\692.jpeg,2,0.289;0.285,1
C:\RIT\GA\BIV-Priv-Seg\BIV-Priv-Seg\693.jpeg,0,,0
C:\RIT\GA\BIV-Priv-Seg\BIV-Priv-Seg\694.jpeg,0,,0
C:\RIT\GA\BIV-Priv-Seg\BIV-Priv-Seg\695.jpeg,1,0.695,1
C:\RIT\GA\BIV-Priv-Seg\BIV-Priv-Seg\696.jpeg,0,,0
C:\RIT\GA\BIV-Priv-Seg\BIV-Priv-Seg\697.jpeg,0,,0
C:\RIT\GA\BIV-Priv-Seg\BIV-Priv-Seg\698.jpeg,0,,0
C:\RIT\GA\BIV-Priv-Seg\BIV-Priv-Seg\699.jpeg,2,0.683;0.251,1
C:\RIT\GA\BIV-Priv-Seg\BIV-Priv-Seg\7.jpeg,0,,0
C:\RIT\GA\BIV-Priv-Seg\BIV-Priv-Seg\70.jpeg,0,,0
C:\RIT\GA\BIV-Priv-Seg\BIV-Priv-Seg\700.jpeg,1,0.699,1
C:\RIT\GA\BIV-Priv-Seg\BIV-Priv-Seg\701.jpeg,0,,0
C:\RIT\GA\BIV-Priv-Seg\BIV-Priv-Seg\702.jpeg,0,,0
C:\RIT\GA\BIV-Priv-Seg\BIV-Priv-Seg\703.jpeg,1,0.697,1
C:\RIT\GA\BIV-Priv-Seg\BIV-Priv-Seg\704.jpeg,0,,0
C:\RIT\GA\BIV-Priv-Seg\BIV-Priv-Seg\705.jpeg,0,,0
C:\RIT\GA\BIV-Priv-Seg\BIV-Priv-Seg\706.jpeg,2,0.639;0.476,1
C:\RIT\GA\BIV-Priv-Seg\BIV-Priv-Seg\707.jpeg,0,,0
C:\RIT\GA\BIV-Priv-Seg\BIV-Priv-Seg\708.jpeg,0,,0
C:\RIT\GA\BIV-Priv-Seg\BIV-Priv-Seg\709.jpeg,1,0.349,1
C:\RIT\GA\BIV-Priv-Seg\BIV-Priv-Seg\71.jpeg,0,,0
C:\RIT\GA\BIV-Priv-Seg\BIV-Priv-Seg\710.jpeg,0,,0
C:\RIT\GA\BIV-Priv-Seg\BIV-Priv-Seg\711.jpeg,0,,0
C:\RIT\GA\BIV-Priv-Seg\BIV-Priv-Seg\712.jpeg,0,,0
C:\RIT\GA\BIV-Priv-Seg\BIV-Priv-Seg\713.jpeg,1,0.278,1
C:\RIT\GA\BIV-Priv-Seg\BIV-Priv-Seg\714.jpeg,0,,0
C:\RIT\GA\BIV-Priv-Seg\BIV-Priv-Seg\715.jpeg,2,0.429;0.310,1
C:\RIT\GA\BIV-Priv-Seg\BIV-Priv-Seg\716.jpeg,0,,0
C:\RIT\GA\BIV-Priv-Seg\BIV-Priv-Seg\717.jpeg,0,,0
C:\RIT\GA\BIV-Priv-Seg\BIV-Priv-Seg\718.jpeg,1,0.277,1
C:\RIT\GA\BIV-Priv-Seg\BIV-Priv-Seg\72.jpeg,0,,0
C:\RIT\GA\BIV-Priv-Seg\BIV-Priv-Seg\721.jpeg,0,,0
C:\RIT\GA\BIV-Priv-Seg\BIV-Priv-Seg\723.jpeg,2,0.451;0.360,1
C:\RIT\GA\BIV-Priv-Seg\BIV-Priv-Seg\727.jpeg,1,0.606,1
C:\RIT\GA\BIV-Priv-Seg\BIV-Priv-Seg\728.jpeg,1,0.822,1
C:\RIT\GA\BIV-Priv-Seg\BIV-Priv-Seg\729.jpeg,0,,0
C:\RIT\GA\BIV-Priv-Seg\BIV-Priv-Seg\73.jpeg,1,0.605,1
C:\RIT\GA\BIV-Priv-Seg\BIV-Priv-Seg\731.jpeg,0,,0
C:\RIT\GA\BIV-Priv-Seg\BIV-Priv-Seg\733.jpeg,0,,0
C:\RIT\GA\BIV-Priv-Seg\BIV-Priv-Seg\738.jpeg,1,0.389,1
C:\RIT\GA\BIV-Priv-Seg\BIV-Priv-Seg\74.jpeg,0,,0
C:\RIT\GA\BIV-Priv-Seg\BIV-Priv-Seg\740.jpeg,1,0.651,1
C:\RIT\GA\BIV-Priv-Seg\BIV-Priv-Seg\741.jpeg,3,0.666;0.651;0.362,1
C:\RIT\GA\BIV-Priv-Seg\BIV-Priv-Seg\742.jpeg,0,,0
C:\RIT\GA\BIV-Priv-Seg\BIV-Priv-Seg\746.jpeg,1,0.293,1
C:\RIT\GA\BIV-Priv-Seg\BIV-Priv-Seg\747.jpeg,1,0.494,1
C:\RIT\GA\BIV-Priv-Seg\BIV-Priv-Seg\748.jpeg,0,,0
C:\RIT\GA\BIV-Priv-Seg\BIV-Priv-Seg\749.jpeg,2,0.811;0.457,1
C:\RIT\GA\BIV-Priv-Seg\BIV-Priv-Seg\75.jpeg,0,,0
C:\RIT\GA\BIV-Priv-Seg\BIV-Priv-Seg\750.jpeg,1,0.44,1
C:\RIT\GA\BIV-Priv-Seg\BIV-Priv-Seg\751.jpeg,1,0.471,1
C:\RIT\GA\BIV-Priv-Seg\BIV-Priv-Seg\752.jpeg,0,,0
C:\RIT\GA\BIV-Priv-Seg\BIV-Priv-Seg\753.jpeg,2,0.345;0.341,1
C:\RIT\GA\BIV-Priv-Seg\BIV-Priv-Seg\754.jpeg,1,0.397,1
C:\RIT\GA\BIV-Priv-Seg\BIV-Priv-Seg\755.jpeg,2,0.426;0.332,1
C:\RIT\GA\BIV-Priv-Seg\BIV-Priv-Seg\756.jpeg,2,0.424;0.371,1
C:\RIT\GA\BIV-Priv-Seg\BIV-Priv-Seg\757.jpeg,1,0.533,1
C:\RIT\GA\BIV-Priv-Seg\BIV-Priv-Seg\758.jpeg,0,,0
C:\RIT\GA\BIV-Priv-Seg\BIV-Priv-Seg\759.jpeg,0,,0
C:\RIT\GA\BIV-Priv-Seg\BIV-Priv-Seg\76.jpeg,1,0.702,1
C:\RIT\GA\BIV-Priv-Seg\BIV-Priv-Seg\760.jpeg,1,0.344,1
C:\RIT\GA\BIV-Priv-Seg\BIV-Priv-Seg\761.jpeg,1,0.286,1
C:\RIT\GA\BIV-Priv-Seg\BIV-Priv-Seg\762.jpeg,2,0.538;0.429,1
C:\RIT\GA\BIV-Priv-Seg\BIV-Priv-Seg\763.jpeg,0,,0
C:\RIT\GA\BIV-Priv-Seg\BIV-Priv-Seg\764.jpeg,1,0.834,1
C:\RIT\GA\BIV-Priv-Seg\BIV-Priv-Seg\765.jpeg,0,,0
C:\RIT\GA\BIV-Priv-Seg\BIV-Priv-Seg\766.jpeg,1,0.784,1
C:\RIT\GA\BIV-Priv-Seg\BIV-Priv-Seg\767.jpeg,3,0.572;0.427;0.369,1
C:\RIT\GA\BIV-Priv-Seg\BIV-Priv-Seg\768.jpeg,4,0.587;0.460;0.417;0.261,1
C:\RIT\GA\BIV-Priv-Seg\BIV-Priv-Seg\769.jpeg,1,0.699,1
C:\RIT\GA\BIV-Priv-Seg\BIV-Priv-Seg\77.jpeg,0,,0
C:\RIT\GA\BIV-Priv-Seg\BIV-Priv-Seg\770.jpeg,5,0.448;0.444;0.380;0.324;0.290,1
C:\RIT\GA\BIV-Priv-Seg\BIV-Priv-Seg\771.jpeg,0,,0
C:\RIT\GA\BIV-Priv-Seg\BIV-Priv-Seg\772.jpeg,3,0.700;0.553;0.347,1
C:\RIT\GA\BIV-Priv-Seg\BIV-Priv-Seg\774.jpeg,0,,0
C:\RIT\GA\BIV-Priv-Seg\BIV-Priv-Seg\775.jpeg,0,,0
C:\RIT\GA\BIV-Priv-Seg\BIV-Priv-Seg\776.jpeg,0,,0
C:\RIT\GA\BIV-Priv-Seg\BIV-Priv-Seg\777.jpeg,0,,0
C:\RIT\GA\BIV-Priv-Seg\BIV-Priv-Seg\778.jpeg,2,0.567;0.285,1
C:\RIT\GA\BIV-Priv-Seg\BIV-Priv-Seg\779.jpeg,0,,0
C:\RIT\GA\BIV-Priv-Seg\BIV-Priv-Seg\78.jpeg,1,0.289,1
C:\RIT\GA\BIV-Priv-Seg\BIV-Priv-Seg\780.jpeg,0,,0
C:\RIT\GA\BIV-Priv-Seg\BIV-Priv-Seg\781.jpeg,0,,0
C:\RIT\GA\BIV-Priv-Seg\BIV-Priv-Seg\782.jpeg,5,0.878;0.716;0.458;0.310;0.273,1
C:\RIT\GA\BIV-Priv-Seg\BIV-Priv-Seg\783.jpeg,1,0.807,1
C:\RIT\GA\BIV-Priv-Seg\BIV-Priv-Seg\784.jpeg,1,0.409,1
C:\RIT\GA\BIV-Priv-Seg\BIV-Priv-Seg\785.jpeg,0,,0
C:\RIT\GA\BIV-Priv-Seg\BIV-Priv-Seg\786.jpeg,1,0.552,1
C:\RIT\GA\BIV-Priv-Seg\BIV-Priv-Seg\787.jpeg,1,0.291,1
C:\RIT\GA\BIV-Priv-Seg\BIV-Priv-Seg\788.jpeg,0,,0
C:\RIT\GA\BIV-Priv-Seg\BIV-Priv-Seg\789.jpeg,0,,0
C:\RIT\GA\BIV-Priv-Seg\BIV-Priv-Seg\79.jpeg,4,0.327;0.311;0.306;0.280,1
C:\RIT\GA\BIV-Priv-Seg\BIV-Priv-Seg\790.jpeg,0,,0
C:\RIT\GA\BIV-Priv-Seg\BIV-Priv-Seg\791.jpeg,0,,0
C:\RIT\GA\BIV-Priv-Seg\BIV-Priv-Seg\792.jpeg,2,0.374;0.264,1
C:\RIT\GA\BIV-Priv-Seg\BIV-Priv-Seg\793.jpeg,0,,0
C:\RIT\GA\BIV-Priv-Seg\BIV-Priv-Seg\794.jpeg,0,,0
C:\RIT\GA\BIV-Priv-Seg\BIV-Priv-Seg\795.jpeg,2,0.450;0.360,1
C:\RIT\GA\BIV-Priv-Seg\BIV-Priv-Seg\796.jpeg,0,,0
C:\RIT\GA\BIV-Priv-Seg\BIV-Priv-Seg\797.jpeg,0,,0
C:\RIT\GA\BIV-Priv-Seg\BIV-Priv-Seg\798.jpeg,3,0.351;0.326;0.271,1
C:\RIT\GA\BIV-Priv-Seg\BIV-Priv-Seg\799.jpeg,2,0.355;0.338,1
C:\RIT\GA\BIV-Priv-Seg\BIV-Priv-Seg\8.jpeg,1,0.286,1
C:\RIT\GA\BIV-Priv-Seg\BIV-Priv-Seg\80.jpeg,0,,0
C:\RIT\GA\BIV-Priv-Seg\BIV-Priv-Seg\800.jpeg,0,,0
C:\RIT\GA\BIV-Priv-Seg\BIV-Priv-Seg\801.jpeg,0,,0
C:\RIT\GA\BIV-Priv-Seg\BIV-Priv-Seg\802.jpeg,1,0.255,1
C:\RIT\GA\BIV-Priv-Seg\BIV-Priv-Seg\803.jpeg,1,0.338,1
C:\RIT\GA\BIV-Priv-Seg\BIV-Priv-Seg\804.jpeg,2,0.292;0.259,1
C:\RIT\GA\BIV-Priv-Seg\BIV-Priv-Seg\805.jpeg,2,0.531;0.443,1
C:\RIT\GA\BIV-Priv-Seg\BIV-Priv-Seg\806.jpeg,3,0.931;0.733;0.296,1
C:\RIT\GA\BIV-Priv-Seg\BIV-Priv-Seg\807.jpeg,0,,0
C:\RIT\GA\BIV-Priv-Seg\BIV-Priv-Seg\808.jpeg,1,0.291,1
C:\RIT\GA\BIV-Priv-Seg\BIV-Priv-Seg\809.jpeg,2,0.450;0.360,1
C:\RIT\GA\BIV-Priv-Seg\BIV-Priv-Seg\81.jpeg,0,,0
C:\RIT\GA\BIV-Priv-Seg\BIV-Priv-Seg\810.jpeg,1,0.865,1
C:\RIT\GA\BIV-Priv-Seg\BIV-Priv-Seg\811.jpeg,0,,0
C:\RIT\GA\BIV-Priv-Seg\BIV-Priv-Seg\812.jpeg,0,,0
C:\RIT\GA\BIV-Priv-Seg\BIV-Priv-Seg\813.jpeg,0,,0
C:\RIT\GA\BIV-Priv-Seg\BIV-Priv-Seg\814.jpeg,3,0.340;0.273;0.256,1
C:\RIT\GA\BIV-Priv-Seg\BIV-Priv-Seg\815.jpeg,0,,0
C:\RIT\GA\BIV-Priv-Seg\BIV-Priv-Seg\816.jpeg,1,0.297,1
C:\RIT\GA\BIV-Priv-Seg\BIV-Priv-Seg\817.jpeg,0,,0
C:\RIT\GA\BIV-Priv-Seg\BIV-Priv-Seg\818.jpeg,2,0.425;0.269,1
C:\RIT\GA\BIV-Priv-Seg\BIV-Priv-Seg\819.jpeg,1,0.539,1
C:\RIT\GA\BIV-Priv-Seg\BIV-Priv-Seg\82.jpeg,1,0.583,1
C:\RIT\GA\BIV-Priv-Seg\BIV-Priv-Seg\820.jpeg,1,0.498,1
C:\RIT\GA\BIV-Priv-Seg\BIV-Priv-Seg\821.jpeg,0,,0
C:\RIT\GA\BIV-Priv-Seg\BIV-Priv-Seg\822.jpeg,1,0.552,1
C:\RIT\GA\BIV-Priv-Seg\BIV-Priv-Seg\823.jpeg,0,,0
C:\RIT\GA\BIV-Priv-Seg\BIV-Priv-Seg\824.jpeg,3,0.646;0.566;0.409,1
C:\RIT\GA\BIV-Priv-Seg\BIV-Priv-Seg\825.jpeg,1,0.541,1
C:\RIT\GA\BIV-Priv-Seg\BIV-Priv-Seg\826.jpeg,1,0.28,1
C:\RIT\GA\BIV-Priv-Seg\BIV-Priv-Seg\827.jpeg,0,,0
C:\RIT\GA\BIV-Priv-Seg\BIV-Priv-Seg\828.jpeg,1,0.475,1
C:\RIT\GA\BIV-Priv-Seg\BIV-Priv-Seg\829.jpeg,2,0.368;0.285,1
C:\RIT\GA\BIV-Priv-Seg\BIV-Priv-Seg\83.jpeg,2,0.795;0.560,1
C:\RIT\GA\BIV-Priv-Seg\BIV-Priv-Seg\830.jpeg,0,,0
C:\RIT\GA\BIV-Priv-Seg\BIV-Priv-Seg\831.jpeg,1,0.775,1
C:\RIT\GA\BIV-Priv-Seg\BIV-Priv-Seg\832.jpeg,2,0.724;0.385,1
C:\RIT\GA\BIV-Priv-Seg\BIV-Priv-Seg\833.jpeg,1,0.317,1
C:\RIT\GA\BIV-Priv-Seg\BIV-Priv-Seg\834.jpeg,1,0.622,1
C:\RIT\GA\BIV-Priv-Seg\BIV-Priv-Seg\835.jpeg,1,0.715,1
C:\RIT\GA\BIV-Priv-Seg\BIV-Priv-Seg\837.jpeg,1,0.367,1
C:\RIT\GA\BIV-Priv-Seg\BIV-Priv-Seg\838.jpeg,4,0.419;0.399;0.317;0.259,1
C:\RIT\GA\BIV-Priv-Seg\BIV-Priv-Seg\839.jpeg,0,,0
C:\RIT\GA\BIV-Priv-Seg\BIV-Priv-Seg\84.jpeg,1,0.304,1
C:\RIT\GA\BIV-Priv-Seg\BIV-Priv-Seg\840.jpeg,2,0.788;0.319,1
C:\RIT\GA\BIV-Priv-Seg\BIV-Priv-Seg\841.jpeg,1,0.533,1
C:\RIT\GA\BIV-Priv-Seg\BIV-Priv-Seg\842.jpeg,0,,0
C:\RIT\GA\BIV-Priv-Seg\BIV-Priv-Seg\843.jpeg,3,0.602;0.568;0.384,1
C:\RIT\GA\BIV-Priv-Seg\BIV-Priv-Seg\844.jpeg,2,0.601;0.298,1
C:\RIT\GA\BIV-Priv-Seg\BIV-Priv-Seg\845.jpeg,0,,0
C:\RIT\GA\BIV-Priv-Seg\BIV-Priv-Seg\846.jpeg,2,0.301;0.288,1
C:\RIT\GA\BIV-Priv-Seg\BIV-Priv-Seg\847.jpeg,1,0.309,1
C:\RIT\GA\BIV-Priv-Seg\BIV-Priv-Seg\85.jpeg,1,0.374,1
C:\RIT\GA\BIV-Priv-Seg\BIV-Priv-Seg\850.jpeg,2,0.685;0.603,1
C:\RIT\GA\BIV-Priv-Seg\BIV-Priv-Seg\852.jpeg,1,0.308,1
C:\RIT\GA\BIV-Priv-Seg\BIV-Priv-Seg\853.jpeg,1,0.616,1
C:\RIT\GA\BIV-Priv-Seg\BIV-Priv-Seg\854.jpeg,1,0.419,1
C:\RIT\GA\BIV-Priv-Seg\BIV-Priv-Seg\855.jpeg,1,0.287,1
C:\RIT\GA\BIV-Priv-Seg\BIV-Priv-Seg\856.jpeg,2,0.643;0.322,1
C:\RIT\GA\BIV-Priv-Seg\BIV-Priv-Seg\857.jpeg,0,,0
C:\RIT\GA\BIV-Priv-Seg\BIV-Priv-Seg\858.jpeg,1,0.315,1
C:\RIT\GA\BIV-Priv-Seg\BIV-Priv-Seg\859.jpeg,1,0.337,1
C:\RIT\GA\BIV-Priv-Seg\BIV-Priv-Seg\86.jpeg,1,0.333,1
C:\RIT\GA\BIV-Priv-Seg\BIV-Priv-Seg\860.jpeg,1,0.414,1
C:\RIT\GA\BIV-Priv-Seg\BIV-Priv-Seg\861.jpeg,1,0.299,1
C:\RIT\GA\BIV-Priv-Seg\BIV-Priv-Seg\862.jpeg,1,0.485,1
C:\RIT\GA\BIV-Priv-Seg\BIV-Priv-Seg\863.jpeg,0,,0
C:\RIT\GA\BIV-Priv-Seg\BIV-Priv-Seg\864.jpeg,1,0.756,1
C:\RIT\GA\BIV-Priv-Seg\BIV-Priv-Seg\865.jpeg,1,0.306,1
C:\RIT\GA\BIV-Priv-Seg\BIV-Priv-Seg\866.jpeg,0,,0
C:\RIT\GA\BIV-Priv-Seg\BIV-Priv-Seg\867.jpeg,0,,0
C:\RIT\GA\BIV-Priv-Seg\BIV-Priv-Seg\868.jpeg,0,,0
C:\RIT\GA\BIV-Priv-Seg\BIV-Priv-Seg\869.jpeg,1,0.358,1
C:\RIT\GA\BIV-Priv-Seg\BIV-Priv-Seg\87.jpeg,1,0.4,1
C:\RIT\GA\BIV-Priv-Seg\BIV-Priv-Seg\870.jpeg,2,0.426;0.263,1
C:\RIT\GA\BIV-Priv-Seg\BIV-Priv-Seg\871.jpeg,1,0.302,1
C:\RIT\GA\BIV-Priv-Seg\BIV-Priv-Seg\872.jpeg,0,,0
C:\RIT\GA\BIV-Priv-Seg\BIV-Priv-Seg\873.jpeg,3,0.640;0.553;0.543,1
C:\RIT\GA\BIV-Priv-Seg\BIV-Priv-Seg\874.jpeg,0,,0
C:\RIT\GA\BIV-Priv-Seg\BIV-Priv-Seg\875.jpeg,1,0.251,1
C:\RIT\GA\BIV-Priv-Seg\BIV-Priv-Seg\876.jpeg,2,0.776;0.656,1
C:\RIT\GA\BIV-Priv-Seg\BIV-Priv-Seg\877.jpeg,1,0.29,1
C:\RIT\GA\BIV-Priv-Seg\BIV-Priv-Seg\878.jpeg,2,0.358;0.312,1
C:\RIT\GA\BIV-Priv-Seg\BIV-Priv-Seg\879.jpeg,2,0.339;0.291,1
C:\RIT\GA\BIV-Priv-Seg\BIV-Priv-Seg\88.jpeg,0,,0
C:\RIT\GA\BIV-Priv-Seg\BIV-Priv-Seg\880.jpeg,1,0.514,1
C:\RIT\GA\BIV-Priv-Seg\BIV-Priv-Seg\881.jpeg,1,0.548,1
C:\RIT\GA\BIV-Priv-Seg\BIV-Priv-Seg\882.jpeg,3,0.424;0.386;0.284,1
C:\RIT\GA\BIV-Priv-Seg\BIV-Priv-Seg\883.jpeg,2,0.440;0.379,1
C:\RIT\GA\BIV-Priv-Seg\BIV-Priv-Seg\884.jpeg,4,0.867;0.571;0.358;0.268,1
C:\RIT\GA\BIV-Priv-Seg\BIV-Priv-Seg\885.jpeg,2,0.703;0.295,1
C:\RIT\GA\BIV-Priv-Seg\BIV-Priv-Seg\886.jpeg,2,0.785;0.257,1
C:\RIT\GA\BIV-Priv-Seg\BIV-Priv-Seg\887.jpeg,1,0.369,1
C:\RIT\GA\BIV-Priv-Seg\BIV-Priv-Seg\888.jpeg,0,,0
C:\RIT\GA\BIV-Priv-Seg\BIV-Priv-Seg\889.jpeg,2,0.607;0.354,1
C:\RIT\GA\BIV-Priv-Seg\BIV-Priv-Seg\89.jpeg,0,,0
C:\RIT\GA\BIV-Priv-Seg\BIV-Priv-Seg\890.jpeg,1,0.414,1
C:\RIT\GA\BIV-Priv-Seg\BIV-Priv-Seg\891.jpeg,2,0.390;0.349,1
C:\RIT\GA\BIV-Priv-Seg\BIV-Priv-Seg\892.jpeg,1,0.62,1
C:\RIT\GA\BIV-Priv-Seg\BIV-Priv-Seg\893.jpeg,1,0.365,1
C:\RIT\GA\BIV-Priv-Seg\BIV-Priv-Seg\894.jpeg,0,,0
C:\RIT\GA\BIV-Priv-Seg\BIV-Priv-Seg\895.jpeg,3,0.350;0.328;0.253,1
C:\RIT\GA\BIV-Priv-Seg\BIV-Priv-Seg\897.jpeg,1,0.603,1
C:\RIT\GA\BIV-Priv-Seg\BIV-Priv-Seg\9.jpeg,1,0.687,1
C:\RIT\GA\BIV-Priv-Seg\BIV-Priv-Seg\90.jpeg,2,0.332;0.251,1
C:\RIT\GA\BIV-Priv-Seg\BIV-Priv-Seg\901.jpeg,0,,0
C:\RIT\GA\BIV-Priv-Seg\BIV-Priv-Seg\902.jpeg,0,,0
C:\RIT\GA\BIV-Priv-Seg\BIV-Priv-Seg\905.jpeg,0,,0
C:\RIT\GA\BIV-Priv-Seg\BIV-Priv-Seg\907.jpeg,4,0.357;0.353;0.341;0.315,1
C:\RIT\GA\BIV-Priv-Seg\BIV-Priv-Seg\91.jpeg,2,0.593;0.589,1
C:\RIT\GA\BIV-Priv-Seg\BIV-Priv-Seg\913.jpeg,0,,0
C:\RIT\GA\BIV-Priv-Seg\BIV-Priv-Seg\914.jpeg,1,0.774,1
C:\RIT\GA\BIV-Priv-Seg\BIV-Priv-Seg\915.jpeg,2,0.383;0.356,1
C:\RIT\GA\BIV-Priv-Seg\BIV-Priv-Seg\916.jpeg,2,0.319;0.274,1
C:\RIT\GA\BIV-Priv-Seg\BIV-Priv-Seg\918.jpeg,1,0.274,1
C:\RIT\GA\BIV-Priv-Seg\BIV-Priv-Seg\92.jpeg,0,,0
C:\RIT\GA\BIV-Priv-Seg\BIV-Priv-Seg\920.jpeg,3,0.414;0.354;0.329,1
C:\RIT\GA\BIV-Priv-Seg\BIV-Priv-Seg\925.jpeg,1,0.47,1
C:\RIT\GA\BIV-Priv-Seg\BIV-Priv-Seg\926.jpeg,0,,0
C:\RIT\GA\BIV-Priv-Seg\BIV-Priv-Seg\927.jpeg,0,,0
C:\RIT\GA\BIV-Priv-Seg\BIV-Priv-Seg\928.jpeg,2,0.620;0.275,1
C:\RIT\GA\BIV-Priv-Seg\BIV-Priv-Seg\929.jpeg,3,0.311;0.273;0.253,1
C:\RIT\GA\BIV-Priv-Seg\BIV-Priv-Seg\93.jpeg,0,,0
C:\RIT\GA\BIV-Priv-Seg\BIV-Priv-Seg\930.jpeg,1,0.338,1
C:\RIT\GA\BIV-Priv-Seg\BIV-Priv-Seg\931.jpeg,2,0.410;0.258,1
C:\RIT\GA\BIV-Priv-Seg\BIV-Priv-Seg\932.jpeg,3,0.559;0.465;0.311,1
C:\RIT\GA\BIV-Priv-Seg\BIV-Priv-Seg\933.jpeg,1,0.818,1
C:\RIT\GA\BIV-Priv-Seg\BIV-Priv-Seg\934.jpeg,0,,0
C:\RIT\GA\BIV-Priv-Seg\BIV-Priv-Seg\935.jpeg,2,0.576;0.352,1
C:\RIT\GA\BIV-Priv-Seg\BIV-Priv-Seg\936.jpeg,3,0.757;0.409;0.283,1
C:\RIT\GA\BIV-Priv-Seg\BIV-Priv-Seg\937.jpeg,1,0.576,1
C:\RIT\GA\BIV-Priv-Seg\BIV-Priv-Seg\939.jpeg,0,,0
C:\RIT\GA\BIV-Priv-Seg\BIV-Priv-Seg\94.jpeg,2,0.678;0.508,1
C:\RIT\GA\BIV-Priv-Seg\BIV-Priv-Seg\940.jpeg,1,0.319,1
C:\RIT\GA\BIV-Priv-Seg\BIV-Priv-Seg\941.jpeg,3,0.497;0.318;0.272,1
C:\RIT\GA\BIV-Priv-Seg\BIV-Priv-Seg\943.jpeg,0,,0
C:\RIT\GA\BIV-Priv-Seg\BIV-Priv-Seg\944.jpeg,1,0.739,1
C:\RIT\GA\BIV-Priv-Seg\BIV-Priv-Seg\946.jpeg,1,0.266,1
C:\RIT\GA\BIV-Priv-Seg\BIV-Priv-Seg\947.jpeg,2,0.608;0.586,1
C:\RIT\GA\BIV-Priv-Seg\BIV-Priv-Seg\948.jpeg,0,,0
C:\RIT\GA\BIV-Priv-Seg\BIV-Priv-Seg\949.jpeg,2,0.661;0.655,1
C:\RIT\GA\BIV-Priv-Seg\BIV-Priv-Seg\95.jpeg,1,0.253,1
C:\RIT\GA\BIV-Priv-Seg\BIV-Priv-Seg\951.jpeg,2,0.522;0.383,1
C:\RIT\GA\BIV-Priv-Seg\BIV-Priv-Seg\952.jpeg,2,0.749;0.523,1
C:\RIT\GA\BIV-Priv-Seg\BIV-Priv-Seg\953.jpeg,0,,0
C:\RIT\GA\BIV-Priv-Seg\BIV-Priv-Seg\954.jpeg,2,0.449;0.425,1
C:\RIT\GA\BIV-Priv-Seg\BIV-Priv-Seg\955.jpeg,0,,0
C:\RIT\GA\BIV-Priv-Seg\BIV-Priv-Seg\956.jpeg,1,0.286,1
C:\RIT\GA\BIV-Priv-Seg\BIV-Priv-Seg\957.jpeg,3,0.388;0.305;0.285,1
C:\RIT\GA\BIV-Priv-Seg\BIV-Priv-Seg\959.jpeg,3,0.746;0.588;0.416,1
C:\RIT\GA\BIV-Priv-Seg\BIV-Priv-Seg\96.jpeg,0,,0
C:\RIT\GA\BIV-Priv-Seg\BIV-Priv-Seg\960.jpeg,3,0.460;0.275;0.265,1
C:\RIT\GA\BIV-Priv-Seg\BIV-Priv-Seg\961.jpeg,0,,0
C:\RIT\GA\BIV-Priv-Seg\BIV-Priv-Seg\964.jpeg,3,0.660;0.362;0.304,1
C:\RIT\GA\BIV-Priv-Seg\BIV-Priv-Seg\965.jpeg,2,0.516;0.369,1
C:\RIT\GA\BIV-Priv-Seg\BIV-Priv-Seg\966.jpeg,0,,0
C:\RIT\GA\BIV-Priv-Seg\BIV-Priv-Seg\967.jpeg,2,0.527;0.320,1
C:\RIT\GA\BIV-Priv-Seg\BIV-Priv-Seg\968.jpeg,0,,0
C:\RIT\GA\BIV-Priv-Seg\BIV-Priv-Seg\969.jpeg,0,,0
C:\RIT\GA\BIV-Priv-Seg\BIV-Priv-Seg\97.jpeg,2,0.911;0.542,1
C:\RIT\GA\BIV-Priv-Seg\BIV-Priv-Seg\970.jpeg,0,,0
C:\RIT\GA\BIV-Priv-Seg\BIV-Priv-Seg\971.jpeg,0,,0
C:\RIT\GA\BIV-Priv-Seg\BIV-Priv-Seg\972.jpeg,0,,0
C:\RIT\GA\BIV-Priv-Seg\BIV-Priv-Seg\973.jpeg,0,,0
C:\RIT\GA\BIV-Priv-Seg\BIV-Priv-Seg\974.jpeg,0,,0
C:\RIT\GA\BIV-Priv-Seg\BIV-Priv-Seg\975.jpeg,0,,0
C:\RIT\GA\BIV-Priv-Seg\BIV-Priv-Seg\976.jpeg,0,,0
C:\RIT\GA\BIV-Priv-Seg\BIV-Priv-Seg\977.jpeg,0,,0
C:\RIT\GA\BIV-Priv-Seg\BIV-Priv-Seg\978.jpeg,0,,0
C:\RIT\GA\BIV-Priv-Seg\BIV-Priv-Seg\979.jpeg,0,,0
C:\RIT\GA\BIV-Priv-Seg\BIV-Priv-Seg\98.jpeg,0,,0
C:\RIT\GA\BIV-Priv-Seg\BIV-Priv-Seg\980.jpeg,3,0.757;0.409;0.283,1
C:\RIT\GA\BIV-Priv-Seg\BIV-Priv-Seg\981.jpeg,1,0.44,1
C:\RIT\GA\BIV-Priv-Seg\BIV-Priv-Seg\982.jpeg,1,0.603,1
C:\RIT\GA\BIV-Priv-Seg\BIV-Priv-Seg\983.jpeg,3,0.379;0.324;0.308,1
C:\RIT\GA\BIV-Priv-Seg\BIV-Priv-Seg\984.jpeg,3,0.559;0.465;0.311,1
C:\RIT\GA\BIV-Priv-Seg\BIV-Priv-Seg\985.jpeg,0,,0
C:\RIT\GA\BIV-Priv-Seg\BIV-Priv-Seg\986.jpeg,1,0.406,1
C:\RIT\GA\BIV-Priv-Seg\BIV-Priv-Seg\987.jpeg,5,0.617;0.401;0.368;0.364;0.281,1
C:\RIT\GA\BIV-Priv-Seg\BIV-Priv-Seg\988.jpeg,0,,0
C:\RIT\GA\BIV-Priv-Seg\BIV-Priv-Seg\989.jpeg,0,,0
C:\RIT\GA\BIV-Priv-Seg\BIV-Priv-Seg\99.jpeg,0,,0
C:\RIT\GA\BIV-Priv-Seg\BIV-Priv-Seg\990.jpeg,0,,0
C:\RIT\GA\BIV-Priv-Seg\BIV-Priv-Seg\991.jpeg,2,0.601;0.388,1
C:\RIT\GA\BIV-Priv-Seg\BIV-Priv-Seg\992.jpeg,0,,0
C:\RIT\GA\BIV-Priv-Seg\BIV-Priv-Seg\993.jpeg,2,0.521;0.519,1
C:\RIT\GA\BIV-Priv-Seg\BIV-Priv-Seg\994.jpeg,1,0.529,1
C:\RIT\GA\BIV-Priv-Seg\BIV-Priv-Seg\996.jpeg,1,0.274,1
C:\RIT\GA\BIV-Priv-Seg\BIV-Priv-Seg\997.jpeg,0,,0
C:\RIT\GA\BIV-Priv-Seg\BIV-Priv-Seg\998.jpeg,0,,0
C:\RIT\GA\BIV-Priv-Seg\BIV-Priv-Seg\some_image.jpg,0,,0
