image,n_detections,confidences,pred_has_object,key,gt_has_object,TP,FP,FN,TN,gt_known
C:\RIT\GA\BIV-Priv-Seg\BIV-Priv-Seg\0.jpeg,0,,0,0,1,0,0,1,0,1
C:\RIT\GA\BIV-Priv-Seg\BIV-Priv-Seg\1.jpeg,0,,0,1,1,0,0,1,0,1
C:\RIT\GA\BIV-Priv-Seg\BIV-Priv-Seg\100.jpeg,0,,0,100,0,0,0,0,1,1
C:\RIT\GA\BIV-Priv-Seg\BIV-Priv-Seg\1000.jpeg,0,,0,1000,1,0,0,1,0,1
C:\RIT\GA\BIV-Priv-Seg\BIV-Priv-Seg\1001.jpeg,0,,0,1001,1,0,0,1,0,1
C:\RIT\GA\BIV-Priv-Seg\BIV-Priv-Seg\1002.jpeg,0,,0,1002,1,0,0,1,0,1
C:\RIT\GA\BIV-Priv-Seg\BIV-Priv-Seg\1003.jpeg,0,,0,1003,1,0,0,1,0,1
C:\RIT\GA\BIV-Priv-Seg\BIV-Priv-Seg\1004.jpeg,0,,0,1004,1,0,0,1,0,1
C:\RIT\GA\BIV-Priv-Seg\BIV-Priv-Seg\1005.jpeg,0,,0,1005,0,0,0,0,1,1
C:\RIT\GA\BIV-Priv-Seg\BIV-Priv-Seg\1006.jpeg,0,,0,1006,0,0,0,0,1,1
C:\RIT\GA\BIV-Priv-Seg\BIV-Priv-Seg\1007.jpeg,0,,0,1007,0,0,0,0,1,1
C:\RIT\GA\BIV-Priv-Seg\BIV-Priv-Seg\1008.jpeg,1,0.364,1,1008,1,1,0,0,0,1
C:\RIT\GA\BIV-Priv-Seg\BIV-Priv-Seg\1009.jpeg,1,0.636,1,1009,1,1,0,0,0,1
C:\RIT\GA\BIV-Priv-Seg\BIV-Priv-Seg\101.jpeg,0,,0,101,0,0,0,0,1,1
C:\RIT\GA\BIV-Priv-Seg\BIV-Priv-Seg\1010.jpeg,0,,0,1010,0,0,0,0,1,1
C:\RIT\GA\BIV-Priv-Seg\BIV-Priv-Seg\1011.jpeg,0,,0,1011,0,0,0,0,1,1
C:\RIT\GA\BIV-Priv-Seg\BIV-Priv-Seg\1012.jpeg,0,,0,1012,1,0,0,1,0,1
C:\RIT\GA\BIV-Priv-Seg\BIV-Priv-Seg\1013.jpeg,1,0.310,1,1013,0,0,1,0,0,1
C:\RIT\GA\BIV-Priv-Seg\BIV-Priv-Seg\1014.jpeg,0,,0,1014,1,0,0,1,0,1
C:\RIT\GA\BIV-Priv-Seg\BIV-Priv-Seg\1015.jpeg,0,,0,1015,0,0,0,0,1,1
C:\RIT\GA\BIV-Priv-Seg\BIV-Priv-Seg\1016.jpeg,0,,0,1016,0,0,0,0,1,1
C:\RIT\GA\BIV-Priv-Seg\BIV-Priv-Seg\1017.jpeg,0,,0,1017,0,0,0,0,1,1
C:\RIT\GA\BIV-Priv-Seg\BIV-Priv-Seg\1018.jpeg,2,0.474;0.390,1,1018,0,0,1,0,0,1
C:\RIT\GA\BIV-Priv-Seg\BIV-Priv-Seg\1019.jpeg,0,,0,1019,0,0,0,0,1,1
C:\RIT\GA\BIV-Priv-Seg\BIV-Priv-Seg\102.jpeg,0,,0,102,0,0,0,0,1,1
C:\RIT\GA\BIV-Priv-Seg\BIV-Priv-Seg\1020.jpeg,1,0.281,1,1020,0,0,1,0,0,1
C:\RIT\GA\BIV-Priv-Seg\BIV-Priv-Seg\1021.jpeg,0,,0,1021,0,0,0,0,1,1
C:\RIT\GA\BIV-Priv-Seg\BIV-Priv-Seg\1023.jpeg,0,,0,1023,0,0,0,0,1,1
C:\RIT\GA\BIV-Priv-Seg\BIV-Priv-Seg\1024.jpeg,1,0.393,1,1024,0,0,1,0,0,1
C:\RIT\GA\BIV-Priv-Seg\BIV-Priv-Seg\1026.jpeg,0,,0,1026,1,0,0,1,0,1
C:\RIT\GA\BIV-Priv-Seg\BIV-Priv-Seg\1027.jpeg,1,0.263,1,1027,0,0,1,0,0,1
C:\RIT\GA\BIV-Priv-Seg\BIV-Priv-Seg\1028.jpeg,0,,0,1028,0,0,0,0,1,1
C:\RIT\GA\BIV-Priv-Seg\BIV-Priv-Seg\1029.jpeg,0,,0,1029,0,0,0,0,1,1
C:\RIT\GA\BIV-Priv-Seg\BIV-Priv-Seg\103.jpeg,1,0.421,1,103,1,1,0,0,0,1
C:\RIT\GA\BIV-Priv-Seg\BIV-Priv-Seg\1034.jpeg,0,,0,1034,0,0,0,0,1,1
C:\RIT\GA\BIV-Priv-Seg\BIV-Priv-Seg\1035.jpeg,1,0.453,1,1035,0,0,1,0,0,1
C:\RIT\GA\BIV-Priv-Seg\BIV-Priv-Seg\1036.jpeg,0,,0,1036,0,0,0,0,1,1
C:\RIT\GA\BIV-Priv-Seg\BIV-Priv-Seg\1037.jpeg,0,,0,1037,0,0,0,0,1,1
C:\RIT\GA\BIV-Priv-Seg\BIV-Priv-Seg\1038.jpeg,0,,0,1038,0,0,0,0,1,1
C:\RIT\GA\BIV-Priv-Seg\BIV-Priv-Seg\1039.jpeg,0,,0,1039,0,0,0,0,1,1
C:\RIT\GA\BIV-Priv-Seg\BIV-Priv-Seg\104.jpeg,0,,0,104,1,0,0,1,0,1
C:\RIT\GA\BIV-Priv-Seg\BIV-Priv-Seg\1040.jpeg,0,,0,1040,1,0,0,1,0,1
C:\RIT\GA\BIV-Priv-Seg\BIV-Priv-Seg\1042.jpeg,1,0.254,1,1042,0,0,1,0,0,1
C:\RIT\GA\BIV-Priv-Seg\BIV-Priv-Seg\1043.jpeg,0,,0,1043,0,0,0,0,1,1
C:\RIT\GA\BIV-Priv-Seg\BIV-Priv-Seg\1044.jpeg,0,,0,1044,0,0,0,0,1,1
C:\RIT\GA\BIV-Priv-Seg\BIV-Priv-Seg\1047.jpeg,0,,0,1047,0,0,0,0,1,1
C:\RIT\GA\BIV-Priv-Seg\BIV-Priv-Seg\1048.jpeg,0,,0,1048,0,0,0,0,1,1
C:\RIT\GA\BIV-Priv-Seg\BIV-Priv-Seg\1049.jpeg,0,,0,1049,1,0,0,1,0,1
C:\RIT\GA\BIV-Priv-Seg\BIV-Priv-Seg\105.jpeg,0,,0,105,0,0,0,0,1,1
C:\RIT\GA\BIV-Priv-Seg\BIV-Priv-Seg\1051.jpeg,0,,0,1051,0,0,0,0,1,1
C:\RIT\GA\BIV-Priv-Seg\BIV-Priv-Seg\1052.jpeg,0,,0,1052,0,0,0,0,1,1
C:\RIT\GA\BIV-Priv-Seg\BIV-Priv-Seg\1053.jpeg,1,0.516,1,1053,0,0,1,0,0,1
C:\RIT\GA\BIV-Priv-Seg\BIV-Priv-Seg\1055.jpeg,0,,0,1055,0,0,0,0,1,1
C:\RIT\GA\BIV-Priv-Seg\BIV-Priv-Seg\1056.jpeg,0,,0,1056,0,0,0,0,1,1
C:\RIT\GA\BIV-Priv-Seg\BIV-Priv-Seg\1057.jpeg,0,,0,1057,0,0,0,0,1,1
C:\RIT\GA\BIV-Priv-Seg\BIV-Priv-Seg\1058.jpeg,0,,0,1058,0,0,0,0,1,1
C:\RIT\GA\BIV-Priv-Seg\BIV-Priv-Seg\1059.jpeg,0,,0,1059,1,0,0,1,0,1
C:\RIT\GA\BIV-Priv-Seg\BIV-Priv-Seg\106.jpeg,0,,0,106,0,0,0,0,1,1
C:\RIT\GA\BIV-Priv-Seg\BIV-Priv-Seg\1060.jpeg,0,,0,1060,1,0,0,1,0,1
C:\RIT\GA\BIV-Priv-Seg\BIV-Priv-Seg\1061.jpeg,0,,0,1061,1,0,0,1,0,1
C:\RIT\GA\BIV-Priv-Seg\BIV-Priv-Seg\1062.jpeg,0,,0,1062,0,0,0,0,1,1
C:\RIT\GA\BIV-Priv-Seg\BIV-Priv-Seg\1063.jpeg,0,,0,1063,1,0,0,1,0,1
C:\RIT\GA\BIV-Priv-Seg\BIV-Priv-Seg\1064.jpeg,0,,0,1064,0,0,0,0,1,1
C:\RIT\GA\BIV-Priv-Seg\BIV-Priv-Seg\1065.jpeg,0,,0,1065,1,0,0,1,0,1
C:\RIT\GA\BIV-Priv-Seg\BIV-Priv-Seg\1066.jpeg,0,,0,1066,1,0,0,1,0,1
C:\RIT\GA\BIV-Priv-Seg\BIV-Priv-Seg\1067.jpeg,0,,0,1067,1,0,0,1,0,1
C:\RIT\GA\BIV-Priv-Seg\BIV-Priv-Seg\1068.jpeg,0,,0,1068,0,0,0,0,1,1
C:\RIT\GA\BIV-Priv-Seg\BIV-Priv-Seg\1069.jpeg,0,,0,1069,1,0,0,1,0,1
C:\RIT\GA\BIV-Priv-Seg\BIV-Priv-Seg\107.jpeg,0,,0,107,0,0,0,0,1,1
C:\RIT\GA\BIV-Priv-Seg\BIV-Priv-Seg\1070.jpeg,0,,0,1070,0,0,0,0,1,1
C:\RIT\GA\BIV-Priv-Seg\BIV-Priv-Seg\1071.jpeg,0,,0,1071,1,0,0,1,0,1
C:\RIT\GA\BIV-Priv-Seg\BIV-Priv-Seg\1072.jpeg,0,,0,1072,0,0,0,0,1,1
C:\RIT\GA\BIV-Priv-Seg\BIV-Priv-Seg\1073.jpeg,0,,0,1073,1,0,0,1,0,1
C:\RIT\GA\BIV-Priv-Seg\BIV-Priv-Seg\1074.jpeg,0,,0,1074,1,0,0,1,0,1
C:\RIT\GA\BIV-Priv-Seg\BIV-Priv-Seg\1076.jpeg,0,,0,1076,1,0,0,1,0,1
C:\RIT\GA\BIV-Priv-Seg\BIV-Priv-Seg\1077.jpeg,0,,0,1077,0,0,0,0,1,1
C:\RIT\GA\BIV-Priv-Seg\BIV-Priv-Seg\1078.jpeg,0,,0,1078,1,0,0,1,0,1
C:\RIT\GA\BIV-Priv-Seg\BIV-Priv-Seg\1079.jpeg,0,,0,1079,1,0,0,1,0,1
C:\RIT\GA\BIV-Priv-Seg\BIV-Priv-Seg\108.jpeg,0,,0,108,0,0,0,0,1,1
C:\RIT\GA\BIV-Priv-Seg\BIV-Priv-Seg\1080.jpeg,0,,0,1080,0,0,0,0,1,1
C:\RIT\GA\BIV-Priv-Seg\BIV-Priv-Seg\1081.jpeg,1,0.266,1,1081,1,1,0,0,0,1
C:\RIT\GA\BIV-Priv-Seg\BIV-Priv-Seg\1082.jpeg,0,,0,1082,1,0,0,1,0,1
C:\RIT\GA\BIV-Priv-Seg\BIV-Priv-Seg\1083.jpeg,0,,0,1083,1,0,0,1,0,1
C:\RIT\GA\BIV-Priv-Seg\BIV-Priv-Seg\1084.jpeg,1,0.644,1,1084,1,1,0,0,0,1
C:\RIT\GA\BIV-Priv-Seg\BIV-Priv-Seg\1085.jpeg,0,,0,1085,0,0,0,0,1,1
C:\RIT\GA\BIV-Priv-Seg\BIV-Priv-Seg\1086.jpeg,0,,0,1086,0,0,0,0,1,1
C:\RIT\GA\BIV-Priv-Seg\BIV-Priv-Seg\1087.jpeg,0,,0,1087,1,0,0,1,0,1
C:\RIT\GA\BIV-Priv-Seg\BIV-Priv-Seg\1088.jpeg,1,0.517,1,1088,1,1,0,0,0,1
C:\RIT\GA\BIV-Priv-Seg\BIV-Priv-Seg\1089.jpeg,0,,0,1089,0,0,0,0,1,1
C:\RIT\GA\BIV-Priv-Seg\BIV-Priv-Seg\109.jpeg,0,,0,109,0,0,0,0,1,1
C:\RIT\GA\BIV-Priv-Seg\BIV-Priv-Seg\1090.jpeg,0,,0,1090,1,0,0,1,0,1
C:\RIT\GA\BIV-Priv-Seg\BIV-Priv-Seg\1091.jpeg,0,,0,1091,0,0,0,0,1,1
C:\RIT\GA\BIV-Priv-Seg\BIV-Priv-Seg\1092.jpeg,0,,0,1092,0,0,0,0,1,1
C:\RIT\GA\BIV-Priv-Seg\BIV-Priv-Seg\1093.jpeg,0,,0,1093,0,0,0,0,1,1
C:\RIT\GA\BIV-Priv-Seg\BIV-Priv-Seg\1094.jpeg,0,,0,1094,1,0,0,1,0,1
C:\RIT\GA\BIV-Priv-Seg\BIV-Priv-Seg\1095.jpeg,0,,0,1095,0,0,0,0,1,1
C:\RIT\GA\BIV-Priv-Seg\BIV-Priv-Seg\1096.jpeg,1,0.308,1,1096,1,1,0,0,0,1
C:\RIT\GA\BIV-Priv-Seg\BIV-Priv-Seg\1097.jpeg,0,,0,1097,0,0,0,0,1,1
C:\RIT\GA\BIV-Priv-Seg\BIV-Priv-Seg\1098.jpeg,0,,0,1098,1,0,0,1,0,1
C:\RIT\GA\BIV-Priv-Seg\BIV-Priv-Seg\1099.jpeg,0,,0,1099,0,0,0,0,1,1
C:\RIT\GA\BIV-Priv-Seg\BIV-Priv-Seg\11.jpeg,0,,0,11,0,0,0,0,1,1
C:\RIT\GA\BIV-Priv-Seg\BIV-Priv-Seg\110.jpeg,0,,0,110,0,0,0,0,1,1
C:\RIT\GA\BIV-Priv-Seg\BIV-Priv-Seg\1100.jpeg,0,,0,1100,1,0,0,1,0,1
C:\RIT\GA\BIV-Priv-Seg\BIV-Priv-Seg\1101.jpeg,0,,0,1101,1,0,0,1,0,1
C:\RIT\GA\BIV-Priv-Seg\BIV-Priv-Seg\1102.jpeg,0,,0,1102,0,0,0,0,1,1
C:\RIT\GA\BIV-Priv-Seg\BIV-Priv-Seg\1103.jpeg,0,,0,1103,0,0,0,0,1,1
C:\RIT\GA\BIV-Priv-Seg\BIV-Priv-Seg\1104.jpeg,0,,0,1104,1,0,0,1,0,1
C:\RIT\GA\BIV-Priv-Seg\BIV-Priv-Seg\1105.jpeg,0,,0,1105,0,0,0,0,1,1
C:\RIT\GA\BIV-Priv-Seg\BIV-Priv-Seg\1106.jpeg,0,,0,1106,0,0,0,0,1,1
C:\RIT\GA\BIV-Priv-Seg\BIV-Priv-Seg\1107.jpeg,2,0.534;0.260,1,1107,1,1,0,0,0,1
C:\RIT\GA\BIV-Priv-Seg\BIV-Priv-Seg\1108.jpeg,0,,0,1108,1,0,0,1,0,1
C:\RIT\GA\BIV-Priv-Seg\BIV-Priv-Seg\1109.jpeg,0,,0,1109,0,0,0,0,1,1
C:\RIT\GA\BIV-Priv-Seg\BIV-Priv-Seg\111.jpeg,0,,0,111,0,0,0,0,1,1
C:\RIT\GA\BIV-Priv-Seg\BIV-Priv-Seg\1110.jpeg,0,,0,1110,1,0,0,1,0,1
C:\RIT\GA\BIV-Priv-Seg\BIV-Priv-Seg\1111.jpeg,0,,0,1111,0,0,0,0,1,1
C:\RIT\GA\BIV-Priv-Seg\BIV-Priv-Seg\1112.jpeg,0,,0,1112,0,0,0,0,1,1
C:\RIT\GA\BIV-Priv-Seg\BIV-Priv-Seg\1113.jpeg,0,,0,1113,0,0,0,0,1,1
C:\RIT\GA\BIV-Priv-Seg\BIV-Priv-Seg\1114.jpeg,0,,0,1114,0,0,0,0,1,1
C:\RIT\GA\BIV-Priv-Seg\BIV-Priv-Seg\1115.jpeg,0,,0,1115,0,0,0,0,1,1
C:\RIT\GA\BIV-Priv-Seg\BIV-Priv-Seg\1116.jpeg,0,,0,1116,0,0,0,0,1,1
C:\RIT\GA\BIV-Priv-Seg\BIV-Priv-Seg\1117.jpeg,0,,0,1117,0,0,0,0,1,1
C:\RIT\GA\BIV-Priv-Seg\BIV-Priv-Seg\1118.jpeg,0,,0,1118,0,0,0,0,1,1
C:\RIT\GA\BIV-Priv-Seg\BIV-Priv-Seg\112.jpeg,0,,0,112,1,0,0,1,0,1
C:\RIT\GA\BIV-Priv-Seg\BIV-Priv-Seg\1120.jpeg,0,,0,1120,0,0,0,0,1,1
C:\RIT\GA\BIV-Priv-Seg\BIV-Priv-Seg\1121.jpeg,0,,0,1121,0,0,0,0,1,1
C:\RIT\GA\BIV-Priv-Seg\BIV-Priv-Seg\1122.jpeg,0,,0,1122,0,0,0,0,1,1
C:\RIT\GA\BIV-Priv-Seg\BIV-Priv-Seg\1123.jpeg,0,,0,1123,0,0,0,0,1,1
C:\RIT\GA\BIV-Priv-Seg\BIV-Priv-Seg\1124.jpeg,0,,0,1124,0,0,0,0,1,1
C:\RIT\GA\BIV-Priv-Seg\BIV-Priv-Seg\1125.jpeg,0,,0,1125,0,0,0,0,1,1
C:\RIT\GA\BIV-Priv-Seg\BIV-Priv-Seg\1127.jpeg,0,,0,1127,0,0,0,0,1,1
C:\RIT\GA\BIV-Priv-Seg\BIV-Priv-Seg\1128.jpeg,0,,0,1128,0,0,0,0,1,1
C:\RIT\GA\BIV-Priv-Seg\BIV-Priv-Seg\113.jpeg,0,,0,113,0,0,0,0,1,1
C:\RIT\GA\BIV-Priv-Seg\BIV-Priv-Seg\1130.jpeg,0,,0,1130,0,0,0,0,1,1
C:\RIT\GA\BIV-Priv-Seg\BIV-Priv-Seg\1131.jpeg,0,,0,1131,0,0,0,0,1,1
C:\RIT\GA\BIV-Priv-Seg\BIV-Priv-Seg\1132.jpeg,0,,0,1132,0,0,0,0,1,1
C:\RIT\GA\BIV-Priv-Seg\BIV-Priv-Seg\1133.jpeg,0,,0,1133,0,0,0,0,1,1
C:\RIT\GA\BIV-Priv-Seg\BIV-Priv-Seg\1135.jpeg,0,,0,1135,0,0,0,0,1,1
C:\RIT\GA\BIV-Priv-Seg\BIV-Priv-Seg\1137.jpeg,0,,0,1137,0,0,0,0,1,1
C:\RIT\GA\BIV-Priv-Seg\BIV-Priv-Seg\1138.jpeg,0,,0,1138,0,0,0,0,1,1
C:\RIT\GA\BIV-Priv-Seg\BIV-Priv-Seg\114.jpeg,1,0.751,1,114,1,1,0,0,0,1
C:\RIT\GA\BIV-Priv-Seg\BIV-Priv-Seg\1140.jpeg,0,,0,1140,0,0,0,0,1,1
C:\RIT\GA\BIV-Priv-Seg\BIV-Priv-Seg\1141.jpeg,0,,0,1141,1,0,0,1,0,1
C:\RIT\GA\BIV-Priv-Seg\BIV-Priv-Seg\1142.jpeg,0,,0,1142,1,0,0,1,0,1
C:\RIT\GA\BIV-Priv-Seg\BIV-Priv-Seg\1143.jpeg,0,,0,1143,1,0,0,1,0,1
C:\RIT\GA\BIV-Priv-Seg\BIV-Priv-Seg\1144.jpeg,1,0.887,1,1144,1,1,0,0,0,1
C:\RIT\GA\BIV-Priv-Seg\BIV-Priv-Seg\1145.jpeg,0,,0,1145,1,0,0,1,0,1
C:\RIT\GA\BIV-Priv-Seg\BIV-Priv-Seg\1146.jpeg,0,,0,1146,1,0,0,1,0,1
C:\RIT\GA\BIV-Priv-Seg\BIV-Priv-Seg\1147.jpeg,0,,0,1147,0,0,0,0,1,1
C:\RIT\GA\BIV-Priv-Seg\BIV-Priv-Seg\1148.jpeg,0,,0,1148,0,0,0,0,1,1
C:\RIT\GA\BIV-Priv-Seg\BIV-Priv-Seg\1149.jpeg,0,,0,1149,0,0,0,0,1,1
C:\RIT\GA\BIV-Priv-Seg\BIV-Priv-Seg\115.jpeg,0,,0,115,0,0,0,0,1,1
C:\RIT\GA\BIV-Priv-Seg\BIV-Priv-Seg\1150.jpeg,0,,0,1150,0,0,0,0,1,1
C:\RIT\GA\BIV-Priv-Seg\BIV-Priv-Seg\1151.jpeg,0,,0,1151,0,0,0,0,1,1
C:\RIT\GA\BIV-Priv-Seg\BIV-Priv-Seg\1152.jpeg,0,,0,1152,0,0,0,0,1,1
C:\RIT\GA\BIV-Priv-Seg\BIV-Priv-Seg\1153.jpeg,0,,0,1153,0,0,0,0,1,1
C:\RIT\GA\BIV-Priv-Seg\BIV-Priv-Seg\1154.jpeg,0,,0,1154,0,0,0,0,1,1
C:\RIT\GA\BIV-Priv-Seg\BIV-Priv-Seg\1155.jpeg,0,,0,1155,1,0,0,1,0,1
C:\RIT\GA\BIV-Priv-Seg\BIV-Priv-Seg\1156.jpeg,0,,0,1156,0,0,0,0,1,1
C:\RIT\GA\BIV-Priv-Seg\BIV-Priv-Seg\1157.jpeg,0,,0,1157,0,0,0,0,1,1
C:\RIT\GA\BIV-Priv-Seg\BIV-Priv-Seg\1158.jpeg,0,,0,1158,0,0,0,0,1,1
C:\RIT\GA\BIV-Priv-Seg\BIV-Priv-Seg\1159.jpeg,0,,0,1159,0,0,0,0,1,1
C:\RIT\GA\BIV-Priv-Seg\BIV-Priv-Seg\116.jpeg,1,0.794,1,116,0,0,1,0,0,1
C:\RIT\GA\BIV-Priv-Seg\BIV-Priv-Seg\1160.jpeg,0,,0,1160,0,0,0,0,1,1
C:\RIT\GA\BIV-Priv-Seg\BIV-Priv-Seg\1161.jpeg,0,,0,1161,0,0,0,0,1,1
C:\RIT\GA\BIV-Priv-Seg\BIV-Priv-Seg\1162.jpeg,0,,0,1162,0,0,0,0,1,1
C:\RIT\GA\BIV-Priv-Seg\BIV-Priv-Seg\1163.jpeg,0,,0,1163,0,0,0,0,1,1
C:\RIT\GA\BIV-Priv-Seg\BIV-Priv-Seg\1164.jpeg,1,0.447,1,1164,0,0,1,0,0,1
C:\RIT\GA\BIV-Priv-Seg\BIV-Priv-Seg\1165.jpeg,0,,0,1165,0,0,0,0,1,1
C:\RIT\GA\BIV-Priv-Seg\BIV-Priv-Seg\1167.jpeg,0,,0,1167,0,0,0,0,1,1
C:\RIT\GA\BIV-Priv-Seg\BIV-Priv-Seg\1168.jpeg,0,,0,1168,0,0,0,0,1,1
C:\RIT\GA\BIV-Priv-Seg\BIV-Priv-Seg\1169.jpeg,0,,0,1169,0,0,0,0,1,1
C:\RIT\GA\BIV-Priv-Seg\BIV-Priv-Seg\117.jpeg,0,,0,117,0,0,0,0,1,1
C:\RIT\GA\BIV-Priv-Seg\BIV-Priv-Seg\1170.jpeg,0,,0,1170,0,0,0,0,1,1
C:\RIT\GA\BIV-Priv-Seg\BIV-Priv-Seg\1171.jpeg,0,,0,1171,0,0,0,0,1,1
C:\RIT\GA\BIV-Priv-Seg\BIV-Priv-Seg\1172.jpeg,0,,0,1172,0,0,0,0,1,1
C:\RIT\GA\BIV-Priv-Seg\BIV-Priv-Seg\1173.jpeg,0,,0,1173,0,0,0,0,1,1
C:\RIT\GA\BIV-Priv-Seg\BIV-Priv-Seg\1174.jpeg,0,,0,1174,0,0,0,0,1,1
C:\RIT\GA\BIV-Priv-Seg\BIV-Priv-Seg\1175.jpeg,0,,0,1175,0,0,0,0,1,1
C:\RIT\GA\BIV-Priv-Seg\BIV-Priv-Seg\118.jpeg,0,,0,118,0,0,0,0,1,1
C:\RIT\GA\BIV-Priv-Seg\BIV-Priv-Seg\119.jpeg,0,,0,119,0,0,0,0,1,1
C:\RIT\GA\BIV-Priv-Seg\BIV-Priv-Seg\12.jpeg,0,,0,12,0,0,0,0,1,1
C:\RIT\GA\BIV-Priv-Seg\BIV-Priv-Seg\120.jpeg,0,,0,120,0,0,0,0,1,1
C:\RIT\GA\BIV-Priv-Seg\BIV-Priv-Seg\121.jpeg,0,,0,121,0,0,0,0,1,1
C:\RIT\GA\BIV-Priv-Seg\BIV-Priv-Seg\122.jpeg,0,,0,122,0,0,0,0,1,1
C:\RIT\GA\BIV-Priv-Seg\BIV-Priv-Seg\123.jpeg,0,,0,123,0,0,0,0,1,1
C:\RIT\GA\BIV-Priv-Seg\BIV-Priv-Seg\124.jpeg,0,,0,124,1,0,0,1,0,1
C:\RIT\GA\BIV-Priv-Seg\BIV-Priv-Seg\125.jpeg,0,,0,125,1,0,0,1,0,1
C:\RIT\GA\BIV-Priv-Seg\BIV-Priv-Seg\126.jpeg,0,,0,126,1,0,0,1,0,1
C:\RIT\GA\BIV-Priv-Seg\BIV-Priv-Seg\127.jpeg,0,,0,127,1,0,0,1,0,1
C:\RIT\GA\BIV-Priv-Seg\BIV-Priv-Seg\128.jpeg,0,,0,128,1,0,0,1,0,1
C:\RIT\GA\BIV-Priv-Seg\BIV-Priv-Seg\129.jpeg,0,,0,129,1,0,0,1,0,1
C:\RIT\GA\BIV-Priv-Seg\BIV-Priv-Seg\13.jpeg,0,,0,13,0,0,0,0,1,1
C:\RIT\GA\BIV-Priv-Seg\BIV-Priv-Seg\131.jpeg,0,,0,131,0,0,0,0,1,1
C:\RIT\GA\BIV-Priv-Seg\BIV-Priv-Seg\132.jpeg,0,,0,132,1,0,0,1,0,1
C:\RIT\GA\BIV-Priv-Seg\BIV-Priv-Seg\133.jpeg,0,,0,133,1,0,0,1,0,1
C:\RIT\GA\BIV-Priv-Seg\BIV-Priv-Seg\134.jpeg,0,,0,134,0,0,0,0,1,1
C:\RIT\GA\BIV-Priv-Seg\BIV-Priv-Seg\135.jpeg,0,,0,135,0,0,0,0,1,1
C:\RIT\GA\BIV-Priv-Seg\BIV-Priv-Seg\137.jpeg,0,,0,137,0,0,0,0,1,1
C:\RIT\GA\BIV-Priv-Seg\BIV-Priv-Seg\138.jpeg,0,,0,138,1,0,0,1,0,1
C:\RIT\GA\BIV-Priv-Seg\BIV-Priv-Seg\139.jpeg,0,,0,139,1,0,0,1,0,1
C:\RIT\GA\BIV-Priv-Seg\BIV-Priv-Seg\14.jpeg,0,,0,14,0,0,0,0,1,1
C:\RIT\GA\BIV-Priv-Seg\BIV-Priv-Seg\140.jpeg,1,0.783,1,140,1,1,0,0,0,1
C:\RIT\GA\BIV-Priv-Seg\BIV-Priv-Seg\141.jpeg,0,,0,141,1,0,0,1,0,1
C:\RIT\GA\BIV-Priv-Seg\BIV-Priv-Seg\142.jpeg,0,,0,142,0,0,0,0,1,1
C:\RIT\GA\BIV-Priv-Seg\BIV-Priv-Seg\143.jpeg,1,0.443,1,143,0,0,1,0,0,1
C:\RIT\GA\BIV-Priv-Seg\BIV-Priv-Seg\144.jpeg,0,,0,144,0,0,0,0,1,1
C:\RIT\GA\BIV-Priv-Seg\BIV-Priv-Seg\145.jpeg,0,,0,145,1,0,0,1,0,1
C:\RIT\GA\BIV-Priv-Seg\BIV-Priv-Seg\146.jpeg,0,,0,146,1,0,0,1,0,1
C:\RIT\GA\BIV-Priv-Seg\BIV-Priv-Seg\147.jpeg,0,,0,147,1,0,0,1,0,1
C:\RIT\GA\BIV-Priv-Seg\BIV-Priv-Seg\148.jpeg,0,,0,148,1,0,0,1,0,1
C:\RIT\GA\BIV-Priv-Seg\BIV-Priv-Seg\149.jpeg,0,,0,149,1,0,0,1,0,1
C:\RIT\GA\BIV-Priv-Seg\BIV-Priv-Seg\15.jpeg,0,,0,15,1,0,0,1,0,1
C:\RIT\GA\BIV-Priv-Seg\BIV-Priv-Seg\150.jpeg,0,,0,150,1,0,0,1,0,1
C:\RIT\GA\BIV-Priv-Seg\BIV-Priv-Seg\151.jpeg,0,,0,151,1,0,0,1,0,1
C:\RIT\GA\BIV-Priv-Seg\BIV-Priv-Seg\152.jpeg,0,,0,152,0,0,0,0,1,1
C:\RIT\GA\BIV-Priv-Seg\BIV-Priv-Seg\153.jpeg,2,0.355;0.344,1,153,1,1,0,0,0,1
C:\RIT\GA\BIV-Priv-Seg\BIV-Priv-Seg\154.jpeg,2,0.310;0.295,1,154,0,0,1,0,0,1
C:\RIT\GA\BIV-Priv-Seg\BIV-Priv-Seg\155.jpeg,0,,0,155,0,0,0,0,1,1
C:\RIT\GA\BIV-Priv-Seg\BIV-Priv-Seg\156.jpeg,0,,0,156,0,0,0,0,1,1
C:\RIT\GA\BIV-Priv-Seg\BIV-Priv-Seg\157.jpeg,0,,0,157,0,0,0,0,1,1
C:\RIT\GA\BIV-Priv-Seg\BIV-Priv-Seg\158.jpeg,0,,0,158,0,0,0,0,1,1
C:\RIT\GA\BIV-Priv-Seg\BIV-Priv-Seg\159.jpeg,0,,0,159,0,0,0,0,1,1
C:\RIT\GA\BIV-Priv-Seg\BIV-Priv-Seg\16.jpeg,0,,0,16,0,0,0,0,1,1
C:\RIT\GA\BIV-Priv-Seg\BIV-Priv-Seg\160.jpeg,1,0.329,1,160,0,0,1,0,0,1
C:\RIT\GA\BIV-Priv-Seg\BIV-Priv-Seg\161.jpeg,0,,0,161,0,0,0,0,1,1
C:\RIT\GA\BIV-Priv-Seg\BIV-Priv-Seg\162.jpeg,1,0.486,1,162,1,1,0,0,0,1
C:\RIT\GA\BIV-Priv-Seg\BIV-Priv-Seg\163.jpeg,0,,0,163,0,0,0,0,1,1
C:\RIT\GA\BIV-Priv-Seg\BIV-Priv-Seg\164.jpeg,0,,0,164,0,0,0,0,1,1
C:\RIT\GA\BIV-Priv-Seg\BIV-Priv-Seg\165.jpeg,0,,0,165,1,0,0,1,0,1
C:\RIT\GA\BIV-Priv-Seg\BIV-Priv-Seg\166.jpeg,2,0.649;0.372,1,166,1,1,0,0,0,1
C:\RIT\GA\BIV-Priv-Seg\BIV-Priv-Seg\167.jpeg,1,0.658,1,167,1,1,0,0,0,1
C:\RIT\GA\BIV-Priv-Seg\BIV-Priv-Seg\168.jpeg,0,,0,168,1,0,0,1,0,1
C:\RIT\GA\BIV-Priv-Seg\BIV-Priv-Seg\169.jpeg,0,,0,169,0,0,0,0,1,1
C:\RIT\GA\BIV-Priv-Seg\BIV-Priv-Seg\17.jpeg,0,,0,17,0,0,0,0,1,1
C:\RIT\GA\BIV-Priv-Seg\BIV-Priv-Seg\170.jpeg,0,,0,170,0,0,0,0,1,1
C:\RIT\GA\BIV-Priv-Seg\BIV-Priv-Seg\171.jpeg,0,,0,171,1,0,0,1,0,1
C:\RIT\GA\BIV-Priv-Seg\BIV-Priv-Seg\172.jpeg,0,,0,172,0,0,0,0,1,1
C:\RIT\GA\BIV-Priv-Seg\BIV-Priv-Seg\173.jpeg,0,,0,173,1,0,0,1,0,1
C:\RIT\GA\BIV-Priv-Seg\BIV-Priv-Seg\174.jpeg,0,,0,174,0,0,0,0,1,1
C:\RIT\GA\BIV-Priv-Seg\BIV-Priv-Seg\175.jpeg,0,,0,175,1,0,0,1,0,1
C:\RIT\GA\BIV-Priv-Seg\BIV-Priv-Seg\176.jpeg,0,,0,176,1,0,0,1,0,1
C:\RIT\GA\BIV-Priv-Seg\BIV-Priv-Seg\177.jpeg,0,,0,177,0,0,0,0,1,1
C:\RIT\GA\BIV-Priv-Seg\BIV-Priv-Seg\178.jpeg,0,,0,178,0,0,0,0,1,1
C:\RIT\GA\BIV-Priv-Seg\BIV-Priv-Seg\179.jpeg,0,,0,179,0,0,0,0,1,1
C:\RIT\GA\BIV-Priv-Seg\BIV-Priv-Seg\18.jpeg,0,,0,18,0,0,0,0,1,1
C:\RIT\GA\BIV-Priv-Seg\BIV-Priv-Seg\180.jpeg,0,,0,180,1,0,0,1,0,1
C:\RIT\GA\BIV-Priv-Seg\BIV-Priv-Seg\181.jpeg,0,,0,181,0,0,0,0,1,1
C:\RIT\GA\BIV-Priv-Seg\BIV-Priv-Seg\182.jpeg,0,,0,182,0,0,0,0,1,1
C:\RIT\GA\BIV-Priv-Seg\BIV-Priv-Seg\183.jpeg,0,,0,183,0,0,0,0,1,1
C:\RIT\GA\BIV-Priv-Seg\BIV-Priv-Seg\184.jpeg,0,,0,184,1,0,0,1,0,1
C:\RIT\GA\BIV-Priv-Seg\BIV-Priv-Seg\185.jpeg,0,,0,185,0,0,0,0,1,1
C:\RIT\GA\BIV-Priv-Seg\BIV-Priv-Seg\186.jpeg,1,0.366,1,186,0,0,1,0,0,1
C:\RIT\GA\BIV-Priv-Seg\BIV-Priv-Seg\187.jpeg,0,,0,187,1,0,0,1,0,1
C:\RIT\GA\BIV-Priv-Seg\BIV-Priv-Seg\188.jpeg,0,,0,188,0,0,0,0,1,1
C:\RIT\GA\BIV-Priv-Seg\BIV-Priv-Seg\189.jpeg,0,,0,189,1,0,0,1,0,1
C:\RIT\GA\BIV-Priv-Seg\BIV-Priv-Seg\19.jpeg,0,,0,19,1,0,0,1,0,1
C:\RIT\GA\BIV-Priv-Seg\BIV-Priv-Seg\190.jpeg,0,,0,190,0,0,0,0,1,1
C:\RIT\GA\BIV-Priv-Seg\BIV-Priv-Seg\191.jpeg,0,,0,191,0,0,0,0,1,1
C:\RIT\GA\BIV-Priv-Seg\BIV-Priv-Seg\192.jpeg,0,,0,192,0,0,0,0,1,1
C:\RIT\GA\BIV-Priv-Seg\BIV-Priv-Seg\193.jpeg,0,,0,193,0,0,0,0,1,1
C:\RIT\GA\BIV-Priv-Seg\BIV-Priv-Seg\194.jpeg,0,,0,194,0,0,0,0,1,1
C:\RIT\GA\BIV-Priv-Seg\BIV-Priv-Seg\195.jpeg,0,,0,195,0,0,0,0,1,1
C:\RIT\GA\BIV-Priv-Seg\BIV-Priv-Seg\196.jpeg,0,,0,196,0,0,0,0,1,1
C:\RIT\GA\BIV-Priv-Seg\BIV-Priv-Seg\197.jpeg,0,,0,197,0,0,0,0,1,1
C:\RIT\GA\BIV-Priv-Seg\BIV-Priv-Seg\198.jpeg,0,,0,198,0,0,0,0,1,1
C:\RIT\GA\BIV-Priv-Seg\BIV-Priv-Seg\199.jpeg,0,,0,199,0,0,0,0,1,1
C:\RIT\GA\BIV-Priv-Seg\BIV-Priv-Seg\2.jpeg,0,,0,2,0,0,0,0,1,1
C:\RIT\GA\BIV-Priv-Seg\BIV-Priv-Seg\20.jpeg,0,,0,20,1,0,0,1,0,1
C:\RIT\GA\BIV-Priv-Seg\BIV-Priv-Seg\200.jpeg,0,,0,200,0,0,0,0,1,1
C:\RIT\GA\BIV-Priv-Seg\BIV-Priv-Seg\201.jpeg,0,,0,201,0,0,0,0,1,1
C:\RIT\GA\BIV-Priv-Seg\BIV-Priv-Seg\202.jpeg,0,,0,202,0,0,0,0,1,1
C:\RIT\GA\BIV-Priv-Seg\BIV-Priv-Seg\203.jpeg,0,,0,203,0,0,0,0,1,1
C:\RIT\GA\BIV-Priv-Seg\BIV-Priv-Seg\204.jpeg,1,0.267,1,204,1,1,0,0,0,1
C:\RIT\GA\BIV-Priv-Seg\BIV-Priv-Seg\205.jpeg,0,,0,205,0,0,0,0,1,1
C:\RIT\GA\BIV-Priv-Seg\BIV-Priv-Seg\206.jpeg,0,,0,206,0,0,0,0,1,1
C:\RIT\GA\BIV-Priv-Seg\BIV-Priv-Seg\207.jpeg,0,,0,207,0,0,0,0,1,1
C:\RIT\GA\BIV-Priv-Seg\BIV-Priv-Seg\21.jpeg,0,,0,21,1,0,0,1,0,1
C:\RIT\GA\BIV-Priv-Seg\BIV-Priv-Seg\211.jpeg,0,,0,211,1,0,0,1,0,1
C:\RIT\GA\BIV-Priv-Seg\BIV-Priv-Seg\212.jpeg,0,,0,212,0,0,0,0,1,1
C:\RIT\GA\BIV-Priv-Seg\BIV-Priv-Seg\213.jpeg,1,0.284,1,213,0,0,1,0,0,1
C:\RIT\GA\BIV-Priv-Seg\BIV-Priv-Seg\214.jpeg,0,,0,214,0,0,0,0,1,1
C:\RIT\GA\BIV-Priv-Seg\BIV-Priv-Seg\215.jpeg,0,,0,215,0,0,0,0,1,1
C:\RIT\GA\BIV-Priv-Seg\BIV-Priv-Seg\217.jpeg,1,0.323,1,217,1,1,0,0,0,1
C:\RIT\GA\BIV-Priv-Seg\BIV-Priv-Seg\22.jpeg,0,,0,22,0,0,0,0,1,1
C:\RIT\GA\BIV-Priv-Seg\BIV-Priv-Seg\220.jpeg,0,,0,220,0,0,0,0,1,1
C:\RIT\GA\BIV-Priv-Seg\BIV-Priv-Seg\221.jpeg,0,,0,221,0,0,0,0,1,1
C:\RIT\GA\BIV-Priv-Seg\BIV-Priv-Seg\222.jpeg,0,,0,222,0,0,0,0,1,1
C:\RIT\GA\BIV-Priv-Seg\BIV-Priv-Seg\224.jpeg,0,,0,224,0,0,0,0,1,1
C:\RIT\GA\BIV-Priv-Seg\BIV-Priv-Seg\226.jpeg,0,,0,226,1,0,0,1,0,1
C:\RIT\GA\BIV-Priv-Seg\BIV-Priv-Seg\228.jpeg,0,,0,228,1,0,0,1,0,1
C:\RIT\GA\BIV-Priv-Seg\BIV-Priv-Seg\229.jpeg,1,0.268,1,229,1,1,0,0,0,1
C:\RIT\GA\BIV-Priv-Seg\BIV-Priv-Seg\23.jpeg,1,0.866,1,23,0,0,1,0,0,1
C:\RIT\GA\BIV-Priv-Seg\BIV-Priv-Seg\230.jpeg,0,,0,230,1,0,0,1,0,1
C:\RIT\GA\BIV-Priv-Seg\BIV-Priv-Seg\231.jpeg,1,0.299,1,231,1,1,0,0,0,1
C:\RIT\GA\BIV-Priv-Seg\BIV-Priv-Seg\232.jpeg,0,,0,232,1,0,0,1,0,1
C:\RIT\GA\BIV-Priv-Seg\BIV-Priv-Seg\234.jpeg,0,,0,234,0,0,0,0,1,1
C:\RIT\GA\BIV-Priv-Seg\BIV-Priv-Seg\235.jpeg,0,,0,235,1,0,0,1,0,1
C:\RIT\GA\BIV-Priv-Seg\BIV-Priv-Seg\236.jpeg,0,,0,236,0,0,0,0,1,1
C:\RIT\GA\BIV-Priv-Seg\BIV-Priv-Seg\237.jpeg,0,,0,237,0,0,0,0,1,1
C:\RIT\GA\BIV-Priv-Seg\BIV-Priv-Seg\238.jpeg,1,0.310,1,238,1,1,0,0,0,1
C:\RIT\GA\BIV-Priv-Seg\BIV-Priv-Seg\239.jpeg,0,,0,239,1,0,0,1,0,1
C:\RIT\GA\BIV-Priv-Seg\BIV-Priv-Seg\24.jpeg,0,,0,24,0,0,0,0,1,1
C:\RIT\GA\BIV-Priv-Seg\BIV-Priv-Seg\240.jpeg,0,,0,240,1,0,0,1,0,1
C:\RIT\GA\BIV-Priv-Seg\BIV-Priv-Seg\242.jpeg,0,,0,242,1,0,0,1,0,1
C:\RIT\GA\BIV-Priv-Seg\BIV-Priv-Seg\243.jpeg,0,,0,243,1,0,0,1,0,1
C:\RIT\GA\BIV-Priv-Seg\BIV-Priv-Seg\244.jpeg,0,,0,244,0,0,0,0,1,1
C:\RIT\GA\BIV-Priv-Seg\BIV-Priv-Seg\245.jpeg,0,,0,245,1,0,0,1,0,1
C:\RIT\GA\BIV-Priv-Seg\BIV-Priv-Seg\246.jpeg,0,,0,246,1,0,0,1,0,1
C:\RIT\GA\BIV-Priv-Seg\BIV-Priv-Seg\247.jpeg,0,,0,247,0,0,0,0,1,1
C:\RIT\GA\BIV-Priv-Seg\BIV-Priv-Seg\248.jpeg,0,,0,248,0,0,0,0,1,1
C:\RIT\GA\BIV-Priv-Seg\BIV-Priv-Seg\25.jpeg,0,,0,25,0,0,0,0,1,1
C:\RIT\GA\BIV-Priv-Seg\BIV-Priv-Seg\250.jpeg,0,,0,250,0,0,0,0,1,1
C:\RIT\GA\BIV-Priv-Seg\BIV-Priv-Seg\251.jpeg,0,,0,251,1,0,0,1,0,1
C:\RIT\GA\BIV-Priv-Seg\BIV-Priv-Seg\252.jpeg,0,,0,252,1,0,0,1,0,1
C:\RIT\GA\BIV-Priv-Seg\BIV-Priv-Seg\253.jpeg,0,,0,253,0,0,0,0,1,1
C:\RIT\GA\BIV-Priv-Seg\BIV-Priv-Seg\255.jpeg,0,,0,255,0,0,0,0,1,1
C:\RIT\GA\BIV-Priv-Seg\BIV-Priv-Seg\256.jpeg,0,,0,256,0,0,0,0,1,1
C:\RIT\GA\BIV-Priv-Seg\BIV-Priv-Seg\257.jpeg,0,,0,257,0,0,0,0,1,1
C:\RIT\GA\BIV-Priv-Seg\BIV-Priv-Seg\258.jpeg,0,,0,258,0,0,0,0,1,1
C:\RIT\GA\BIV-Priv-Seg\BIV-Priv-Seg\259.jpeg,0,,0,259,0,0,0,0,1,1
C:\RIT\GA\BIV-Priv-Seg\BIV-Priv-Seg\26.jpeg,0,,0,26,1,0,0,1,0,1
C:\RIT\GA\BIV-Priv-Seg\BIV-Priv-Seg\260.jpeg,0,,0,260,0,0,0,0,1,1
C:\RIT\GA\BIV-Priv-Seg\BIV-Priv-Seg\261.jpeg,0,,0,261,0,0,0,0,1,1
C:\RIT\GA\BIV-Priv-Seg\BIV-Priv-Seg\262.jpeg,0,,0,262,0,0,0,0,1,1
C:\RIT\GA\BIV-Priv-Seg\BIV-Priv-Seg\263.jpeg,0,,0,263,0,0,0,0,1,1
C:\RIT\GA\BIV-Priv-Seg\BIV-Priv-Seg\264.jpeg,0,,0,264,0,0,0,0,1,1
C:\RIT\GA\BIV-Priv-Seg\BIV-Priv-Seg\265.jpeg,0,,0,265,0,0,0,0,1,1
C:\RIT\GA\BIV-Priv-Seg\BIV-Priv-Seg\266.jpeg,0,,0,266,0,0,0,0,1,1
C:\RIT\GA\BIV-Priv-Seg\BIV-Priv-Seg\267.jpeg,0,,0,267,0,0,0,0,1,1
C:\RIT\GA\BIV-Priv-Seg\BIV-Priv-Seg\268.jpeg,0,,0,268,1,0,0,1,0,1
C:\RIT\GA\BIV-Priv-Seg\BIV-Priv-Seg\269.jpeg,0,,0,269,0,0,0,0,1,1
C:\RIT\GA\BIV-Priv-Seg\BIV-Priv-Seg\27.jpeg,0,,0,27,0,0,0,0,1,1
C:\RIT\GA\BIV-Priv-Seg\BIV-Priv-Seg\271.jpeg,0,,0,271,0,0,0,0,1,1
C:\RIT\GA\BIV-Priv-Seg\BIV-Priv-Seg\272.jpeg,0,,0,272,0,0,0,0,1,1
C:\RIT\GA\BIV-Priv-Seg\BIV-Priv-Seg\274.jpeg,0,,0,274,0,0,0,0,1,1
C:\RIT\GA\BIV-Priv-Seg\BIV-Priv-Seg\275.jpeg,1,0.653,1,275,0,0,1,0,0,1
C:\RIT\GA\BIV-Priv-Seg\BIV-Priv-Seg\276.jpeg,0,,0,276,0,0,0,0,1,1
C:\RIT\GA\BIV-Priv-Seg\BIV-Priv-Seg\277.jpeg,1,0.861,1,277,0,0,1,0,0,1
C:\RIT\GA\BIV-Priv-Seg\BIV-Priv-Seg\278.jpeg,1,0.423,1,278,0,0,1,0,0,1
C:\RIT\GA\BIV-Priv-Seg\BIV-Priv-Seg\279.jpeg,0,,0,279,0,0,0,0,1,1
C:\RIT\GA\BIV-Priv-Seg\BIV-Priv-Seg\28.jpeg,0,,0,28,1,0,0,1,0,1
C:\RIT\GA\BIV-Priv-Seg\BIV-Priv-Seg\280.jpeg,0,,0,280,1,0,0,1,0,1
C:\RIT\GA\BIV-Priv-Seg\BIV-Priv-Seg\281.jpeg,0,,0,281,0,0,0,0,1,1
C:\RIT\GA\BIV-Priv-Seg\BIV-Priv-Seg\282.jpeg,0,,0,282,0,0,0,0,1,1
C:\RIT\GA\BIV-Priv-Seg\BIV-Priv-Seg\283.jpeg,1,0.379,1,283,1,1,0,0,0,1
C:\RIT\GA\BIV-Priv-Seg\BIV-Priv-Seg\285.jpeg,0,,0,285,0,0,0,0,1,1
C:\RIT\GA\BIV-Priv-Seg\BIV-Priv-Seg\286.jpeg,0,,0,286,0,0,0,0,1,1
C:\RIT\GA\BIV-Priv-Seg\BIV-Priv-Seg\287.jpeg,0,,0,287,0,0,0,0,1,1
C:\RIT\GA\BIV-Priv-Seg\BIV-Priv-Seg\288.jpeg,0,,0,288,1,0,0,1,0,1
C:\RIT\GA\BIV-Priv-Seg\BIV-Priv-Seg\29.jpeg,0,,0,29,0,0,0,0,1,1
C:\RIT\GA\BIV-Priv-Seg\BIV-Priv-Seg\290.jpeg,1,0.316,1,290,0,0,1,0,0,1
C:\RIT\GA\BIV-Priv-Seg\BIV-Priv-Seg\291.jpeg,0,,0,291,0,0,0,0,1,1
C:\RIT\GA\BIV-Priv-Seg\BIV-Priv-Seg\292.jpeg,0,,0,292,0,0,0,0,1,1
C:\RIT\GA\BIV-Priv-Seg\BIV-Priv-Seg\293.jpeg,0,,0,293,0,0,0,0,1,1
C:\RIT\GA\BIV-Priv-Seg\BIV-Priv-Seg\294.jpeg,0,,0,294,0,0,0,0,1,1
C:\RIT\GA\BIV-Priv-Seg\BIV-Priv-Seg\295.jpeg,0,,0,295,0,0,0,0,1,1
C:\RIT\GA\BIV-Priv-Seg\BIV-Priv-Seg\296.jpeg,0,,0,296,0,0,0,0,1,1
C:\RIT\GA\BIV-Priv-Seg\BIV-Priv-Seg\297.jpeg,0,,0,297,0,0,0,0,1,1
C:\RIT\GA\BIV-Priv-Seg\BIV-Priv-Seg\298.jpeg,0,,0,298,0,0,0,0,1,1
C:\RIT\GA\BIV-Priv-Seg\BIV-Priv-Seg\299.jpeg,0,,0,299,0,0,0,0,1,1
C:\RIT\GA\BIV-Priv-Seg\BIV-Priv-Seg\3.jpeg,0,,0,3,1,0,0,1,0,1
C:\RIT\GA\BIV-Priv-Seg\BIV-Priv-Seg\30.jpeg,0,,0,30,1,0,0,1,0,1
C:\RIT\GA\BIV-Priv-Seg\BIV-Priv-Seg\300.jpeg,1,0.818,1,300,1,1,0,0,0,1
C:\RIT\GA\BIV-Priv-Seg\BIV-Priv-Seg\301.jpeg,0,,0,301,0,0,0,0,1,1
C:\RIT\GA\BIV-Priv-Seg\BIV-Priv-Seg\302.jpeg,1,0.642,1,302,0,0,1,0,0,1
C:\RIT\GA\BIV-Priv-Seg\BIV-Priv-Seg\303.jpeg,0,,0,303,0,0,0,0,1,1
C:\RIT\GA\BIV-Priv-Seg\BIV-Priv-Seg\304.jpeg,0,,0,304,0,0,0,0,1,1
C:\RIT\GA\BIV-Priv-Seg\BIV-Priv-Seg\305.jpeg,0,,0,305,0,0,0,0,1,1
C:\RIT\GA\BIV-Priv-Seg\BIV-Priv-Seg\306.jpeg,0,,0,306,0,0,0,0,1,1
C:\RIT\GA\BIV-Priv-Seg\BIV-Priv-Seg\307.jpeg,1,0.572,1,307,1,1,0,0,0,1
C:\RIT\GA\BIV-Priv-Seg\BIV-Priv-Seg\308.jpeg,0,,0,308,1,0,0,1,0,1
C:\RIT\GA\BIV-Priv-Seg\BIV-Priv-Seg\309.jpeg,0,,0,309,0,0,0,0,1,1
C:\RIT\GA\BIV-Priv-Seg\BIV-Priv-Seg\31.jpeg,0,,0,31,0,0,0,0,1,1
C:\RIT\GA\BIV-Priv-Seg\BIV-Priv-Seg\310.jpeg,0,,0,310,0,0,0,0,1,1
C:\RIT\GA\BIV-Priv-Seg\BIV-Priv-Seg\311.jpeg,0,,0,311,0,0,0,0,1,1
C:\RIT\GA\BIV-Priv-Seg\BIV-Priv-Seg\312.jpeg,1,0.411,1,312,1,1,0,0,0,1
C:\RIT\GA\BIV-Priv-Seg\BIV-Priv-Seg\314.jpeg,0,,0,314,1,0,0,1,0,1
C:\RIT\GA\BIV-Priv-Seg\BIV-Priv-Seg\315.jpeg,0,,0,315,0,0,0,0,1,1
C:\RIT\GA\BIV-Priv-Seg\BIV-Priv-Seg\317.jpeg,0,,0,317,1,0,0,1,0,1
C:\RIT\GA\BIV-Priv-Seg\BIV-Priv-Seg\318.jpeg,0,,0,318,0,0,0,0,1,1
C:\RIT\GA\BIV-Priv-Seg\BIV-Priv-Seg\319.jpeg,1,0.258,1,319,1,1,0,0,0,1
C:\RIT\GA\BIV-Priv-Seg\BIV-Priv-Seg\32.jpeg,0,,0,32,1,0,0,1,0,1
C:\RIT\GA\BIV-Priv-Seg\BIV-Priv-Seg\321.jpeg,0,,0,321,1,0,0,1,0,1
C:\RIT\GA\BIV-Priv-Seg\BIV-Priv-Seg\323.jpeg,0,,0,323,1,0,0,1,0,1
C:\RIT\GA\BIV-Priv-Seg\BIV-Priv-Seg\324.jpeg,0,,0,324,0,0,0,0,1,1
C:\RIT\GA\BIV-Priv-Seg\BIV-Priv-Seg\325.jpeg,1,0.420,1,325,0,0,1,0,0,1
C:\RIT\GA\BIV-Priv-Seg\BIV-Priv-Seg\326.jpeg,1,0.459,1,326,1,1,0,0,0,1
C:\RIT\GA\BIV-Priv-Seg\BIV-Priv-Seg\327.jpeg,1,0.402,1,327,0,0,1,0,0,1
C:\RIT\GA\BIV-Priv-Seg\BIV-Priv-Seg\328.jpeg,0,,0,328,1,0,0,1,0,1
C:\RIT\GA\BIV-Priv-Seg\BIV-Priv-Seg\329.jpeg,0,,0,329,0,0,0,0,1,1
C:\RIT\GA\BIV-Priv-Seg\BIV-Priv-Seg\33.jpeg,0,,0,33,0,0,0,0,1,1
C:\RIT\GA\BIV-Priv-Seg\BIV-Priv-Seg\330.jpeg,0,,0,330,0,0,0,0,1,1
C:\RIT\GA\BIV-Priv-Seg\BIV-Priv-Seg\331.jpeg,0,,0,331,0,0,0,0,1,1
C:\RIT\GA\BIV-Priv-Seg\BIV-Priv-Seg\332.jpeg,0,,0,332,0,0,0,0,1,1
C:\RIT\GA\BIV-Priv-Seg\BIV-Priv-Seg\333.jpeg,0,,0,333,0,0,0,0,1,1
C:\RIT\GA\BIV-Priv-Seg\BIV-Priv-Seg\334.jpeg,0,,0,334,0,0,0,0,1,1
C:\RIT\GA\BIV-Priv-Seg\BIV-Priv-Seg\335.jpeg,0,,0,335,0,0,0,0,1,1
C:\RIT\GA\BIV-Priv-Seg\BIV-Priv-Seg\336.jpeg,0,,0,336,0,0,0,0,1,1
C:\RIT\GA\BIV-Priv-Seg\BIV-Priv-Seg\337.jpeg,0,,0,337,0,0,0,0,1,1
C:\RIT\GA\BIV-Priv-Seg\BIV-Priv-Seg\338.jpeg,0,,0,338,0,0,0,0,1,1
C:\RIT\GA\BIV-Priv-Seg\BIV-Priv-Seg\339.jpeg,0,,0,339,0,0,0,0,1,1
C:\RIT\GA\BIV-Priv-Seg\BIV-Priv-Seg\34.jpeg,0,,0,34,0,0,0,0,1,1
C:\RIT\GA\BIV-Priv-Seg\BIV-Priv-Seg\340.jpeg,0,,0,340,1,0,0,1,0,1
C:\RIT\GA\BIV-Priv-Seg\BIV-Priv-Seg\341.jpeg,0,,0,341,0,0,0,0,1,1
C:\RIT\GA\BIV-Priv-Seg\BIV-Priv-Seg\342.jpeg,0,,0,342,1,0,0,1,0,1
C:\RIT\GA\BIV-Priv-Seg\BIV-Priv-Seg\343.jpeg,0,,0,343,0,0,0,0,1,1
C:\RIT\GA\BIV-Priv-Seg\BIV-Priv-Seg\344.jpeg,0,,0,344,0,0,0,0,1,1
C:\RIT\GA\BIV-Priv-Seg\BIV-Priv-Seg\345.jpeg,0,,0,345,0,0,0,0,1,1
C:\RIT\GA\BIV-Priv-Seg\BIV-Priv-Seg\346.jpeg,0,,0,346,0,0,0,0,1,1
C:\RIT\GA\BIV-Priv-Seg\BIV-Priv-Seg\347.jpeg,0,,0,347,0,0,0,0,1,1
C:\RIT\GA\BIV-Priv-Seg\BIV-Priv-Seg\349.jpeg,0,,0,349,0,0,0,0,1,1
C:\RIT\GA\BIV-Priv-Seg\BIV-Priv-Seg\35.jpeg,0,,0,35,0,0,0,0,1,1
C:\RIT\GA\BIV-Priv-Seg\BIV-Priv-Seg\350.jpeg,0,,0,350,0,0,0,0,1,1
C:\RIT\GA\BIV-Priv-Seg\BIV-Priv-Seg\351.jpeg,0,,0,351,0,0,0,0,1,1
C:\RIT\GA\BIV-Priv-Seg\BIV-Priv-Seg\352.jpeg,0,,0,352,1,0,0,1,0,1
C:\RIT\GA\BIV-Priv-Seg\BIV-Priv-Seg\353.jpeg,0,,0,353,0,0,0,0,1,1
C:\RIT\GA\BIV-Priv-Seg\BIV-Priv-Seg\354.jpeg,0,,0,354,0,0,0,0,1,1
C:\RIT\GA\BIV-Priv-Seg\BIV-Priv-Seg\355.jpeg,0,,0,355,0,0,0,0,1,1
C:\RIT\GA\BIV-Priv-Seg\BIV-Priv-Seg\356.jpeg,1,0.316,1,356,0,0,1,0,0,1
C:\RIT\GA\BIV-Priv-Seg\BIV-Priv-Seg\357.jpeg,1,0.270,1,357,0,0,1,0,0,1
C:\RIT\GA\BIV-Priv-Seg\BIV-Priv-Seg\358.jpeg,0,,0,358,0,0,0,0,1,1
C:\RIT\GA\BIV-Priv-Seg\BIV-Priv-Seg\359.jpeg,0,,0,359,0,0,0,0,1,1
C:\RIT\GA\BIV-Priv-Seg\BIV-Priv-Seg\36.jpeg,0,,0,36,1,0,0,1,0,1
C:\RIT\GA\BIV-Priv-Seg\BIV-Priv-Seg\360.jpeg,0,,0,360,0,0,0,0,1,1
C:\RIT\GA\BIV-Priv-Seg\BIV-Priv-Seg\361.jpeg,0,,0,361,0,0,0,0,1,1
C:\RIT\GA\BIV-Priv-Seg\BIV-Priv-Seg\362.jpeg,0,,0,362,0,0,0,0,1,1
C:\RIT\GA\BIV-Priv-Seg\BIV-Priv-Seg\363.jpeg,0,,0,363,0,0,0,0,1,1
C:\RIT\GA\BIV-Priv-Seg\BIV-Priv-Seg\364.jpeg,0,,0,364,0,0,0,0,1,1
C:\RIT\GA\BIV-Priv-Seg\BIV-Priv-Seg\365.jpeg,1,0.466,1,365,0,0,1,0,0,1
C:\RIT\GA\BIV-Priv-Seg\BIV-Priv-Seg\366.jpeg,0,,0,366,0,0,0,0,1,1
C:\RIT\GA\BIV-Priv-Seg\BIV-Priv-Seg\367.jpeg,0,,0,367,0,0,0,0,1,1
C:\RIT\GA\BIV-Priv-Seg\BIV-Priv-Seg\368.jpeg,0,,0,368,0,0,0,0,1,1
C:\RIT\GA\BIV-Priv-Seg\BIV-Priv-Seg\369.jpeg,0,,0,369,0,0,0,0,1,1
C:\RIT\GA\BIV-Priv-Seg\BIV-Priv-Seg\37.jpeg,0,,0,37,1,0,0,1,0,1
C:\RIT\GA\BIV-Priv-Seg\BIV-Priv-Seg\370.jpeg,1,0.668,1,370,0,0,1,0,0,1
C:\RIT\GA\BIV-Priv-Seg\BIV-Priv-Seg\371.jpeg,1,0.338,1,371,0,0,1,0,0,1
C:\RIT\GA\BIV-Priv-Seg\BIV-Priv-Seg\372.jpeg,0,,0,372,0,0,0,0,1,1
C:\RIT\GA\BIV-Priv-Seg\BIV-Priv-Seg\373.jpeg,0,,0,373,1,0,0,1,0,1
C:\RIT\GA\BIV-Priv-Seg\BIV-Priv-Seg\374.jpeg,0,,0,374,0,0,0,0,1,1
C:\RIT\GA\BIV-Priv-Seg\BIV-Priv-Seg\375.jpeg,0,,0,375,0,0,0,0,1,1
C:\RIT\GA\BIV-Priv-Seg\BIV-Priv-Seg\376.jpeg,1,0.847,1,376,1,1,0,0,0,1
C:\RIT\GA\BIV-Priv-Seg\BIV-Priv-Seg\377.jpeg,0,,0,377,0,0,0,0,1,1
C:\RIT\GA\BIV-Priv-Seg\BIV-Priv-Seg\378.jpeg,0,,0,378,1,0,0,1,0,1
C:\RIT\GA\BIV-Priv-Seg\BIV-Priv-Seg\379.jpeg,1,0.491,1,379,1,1,0,0,0,1
C:\RIT\GA\BIV-Priv-Seg\BIV-Priv-Seg\38.jpeg,0,,0,38,1,0,0,1,0,1
C:\RIT\GA\BIV-Priv-Seg\BIV-Priv-Seg\380.jpeg,0,,0,380,1,0,0,1,0,1
C:\RIT\GA\BIV-Priv-Seg\BIV-Priv-Seg\381.jpeg,0,,0,381,1,0,0,1,0,1
C:\RIT\GA\BIV-Priv-Seg\BIV-Priv-Seg\382.jpeg,0,,0,382,1,0,0,1,0,1
C:\RIT\GA\BIV-Priv-Seg\BIV-Priv-Seg\383.jpeg,0,,0,383,1,0,0,1,0,1
C:\RIT\GA\BIV-Priv-Seg\BIV-Priv-Seg\384.jpeg,0,,0,384,0,0,0,0,1,1
C:\RIT\GA\BIV-Priv-Seg\BIV-Priv-Seg\385.jpeg,0,,0,385,0,0,0,0,1,1
C:\RIT\GA\BIV-Priv-Seg\BIV-Priv-Seg\386.jpeg,0,,0,386,1,0,0,1,0,1
C:\RIT\GA\BIV-Priv-Seg\BIV-Priv-Seg\387.jpeg,0,,0,387,1,0,0,1,0,1
C:\RIT\GA\BIV-Priv-Seg\BIV-Priv-Seg\388.jpeg,0,,0,388,0,0,0,0,1,1
C:\RIT\GA\BIV-Priv-Seg\BIV-Priv-Seg\389.jpeg,0,,0,389,1,0,0,1,0,1
C:\RIT\GA\BIV-Priv-Seg\BIV-Priv-Seg\39.jpeg,0,,0,39,0,0,0,0,1,1
C:\RIT\GA\BIV-Priv-Seg\BIV-Priv-Seg\390.jpeg,0,,0,390,0,0,0,0,1,1
C:\RIT\GA\BIV-Priv-Seg\BIV-Priv-Seg\391.jpeg,0,,0,391,1,0,0,1,0,1
C:\RIT\GA\BIV-Priv-Seg\BIV-Priv-Seg\392.jpeg,0,,0,392,0,0,0,0,1,1
C:\RIT\GA\BIV-Priv-Seg\BIV-Priv-Seg\393.jpeg,0,,0,393,1,0,0,1,0,1
C:\RIT\GA\BIV-Priv-Seg\BIV-Priv-Seg\394.jpeg,0,,0,394,1,0,0,1,0,1
C:\RIT\GA\BIV-Priv-Seg\BIV-Priv-Seg\395.jpeg,0,,0,395,1,0,0,1,0,1
C:\RIT\GA\BIV-Priv-Seg\BIV-Priv-Seg\396.jpeg,0,,0,396,1,0,0,1,0,1
C:\RIT\GA\BIV-Priv-Seg\BIV-Priv-Seg\397.jpeg,0,,0,397,0,0,0,0,1,1
C:\RIT\GA\BIV-Priv-Seg\BIV-Priv-Seg\398.jpeg,0,,0,398,0,0,0,0,1,1
C:\RIT\GA\BIV-Priv-Seg\BIV-Priv-Seg\399.jpeg,0,,0,399,1,0,0,1,0,1
C:\RIT\GA\BIV-Priv-Seg\BIV-Priv-Seg\4.jpeg,0,,0,4,1,0,0,1,0,1
C:\RIT\GA\BIV-Priv-Seg\BIV-Priv-Seg\40.jpeg,0,,0,40,1,0,0,1,0,1
C:\RIT\GA\BIV-Priv-Seg\BIV-Priv-Seg\400.jpeg,0,,0,400,0,0,0,0,1,1
C:\RIT\GA\BIV-Priv-Seg\BIV-Priv-Seg\401.jpeg,0,,0,401,0,0,0,0,1,1
C:\RIT\GA\BIV-Priv-Seg\BIV-Priv-Seg\402.jpeg,0,,0,402,1,0,0,1,0,1
C:\RIT\GA\BIV-Priv-Seg\BIV-Priv-Seg\403.jpeg,0,,0,403,0,0,0,0,1,1
C:\RIT\GA\BIV-Priv-Seg\BIV-Priv-Seg\404.jpeg,0,,0,404,0,0,0,0,1,1
C:\RIT\GA\BIV-Priv-Seg\BIV-Priv-Seg\405.jpeg,0,,0,405,1,0,0,1,0,1
C:\RIT\GA\BIV-Priv-Seg\BIV-Priv-Seg\406.jpeg,0,,0,406,0,0,0,0,1,1
C:\RIT\GA\BIV-Priv-Seg\BIV-Priv-Seg\407.jpeg,0,,0,407,0,0,0,0,1,1
C:\RIT\GA\BIV-Priv-Seg\BIV-Priv-Seg\408.jpeg,0,,0,408,0,0,0,0,1,1
C:\RIT\GA\BIV-Priv-Seg\BIV-Priv-Seg\409.jpeg,0,,0,409,0,0,0,0,1,1
C:\RIT\GA\BIV-Priv-Seg\BIV-Priv-Seg\41.jpeg,0,,0,41,1,0,0,1,0,1
C:\RIT\GA\BIV-Priv-Seg\BIV-Priv-Seg\410.jpeg,0,,0,410,0,0,0,0,1,1
C:\RIT\GA\BIV-Priv-Seg\BIV-Priv-Seg\411.jpeg,0,,0,411,0,0,0,0,1,1
C:\RIT\GA\BIV-Priv-Seg\BIV-Priv-Seg\412.jpeg,0,,0,412,0,0,0,0,1,1
C:\RIT\GA\BIV-Priv-Seg\BIV-Priv-Seg\413.jpeg,0,,0,413,0,0,0,0,1,1
C:\RIT\GA\BIV-Priv-Seg\BIV-Priv-Seg\414.jpeg,0,,0,414,1,0,0,1,0,1
C:\RIT\GA\BIV-Priv-Seg\BIV-Priv-Seg\415.jpeg,0,,0,415,1,0,0,1,0,1
C:\RIT\GA\BIV-Priv-Seg\BIV-Priv-Seg\416.jpeg,0,,0,416,0,0,0,0,1,1
C:\RIT\GA\BIV-Priv-Seg\BIV-Priv-Seg\417.jpeg,1,0.406,1,417,0,0,1,0,0,1
C:\RIT\GA\BIV-Priv-Seg\BIV-Priv-Seg\418.jpeg,0,,0,418,1,0,0,1,0,1
C:\RIT\GA\BIV-Priv-Seg\BIV-Priv-Seg\419.jpeg,0,,0,419,0,0,0,0,1,1
C:\RIT\GA\BIV-Priv-Seg\BIV-Priv-Seg\42.jpeg,0,,0,42,0,0,0,0,1,1
C:\RIT\GA\BIV-Priv-Seg\BIV-Priv-Seg\420.jpeg,0,,0,420,0,0,0,0,1,1
C:\RIT\GA\BIV-Priv-Seg\BIV-Priv-Seg\421.jpeg,0,,0,421,0,0,0,0,1,1
C:\RIT\GA\BIV-Priv-Seg\BIV-Priv-Seg\422.jpeg,0,,0,422,0,0,0,0,1,1
C:\RIT\GA\BIV-Priv-Seg\BIV-Priv-Seg\423.jpeg,0,,0,423,0,0,0,0,1,1
C:\RIT\GA\BIV-Priv-Seg\BIV-Priv-Seg\424.jpeg,0,,0,424,0,0,0,0,1,1
C:\RIT\GA\BIV-Priv-Seg\BIV-Priv-Seg\425.jpeg,0,,0,425,0,0,0,0,1,1
C:\RIT\GA\BIV-Priv-Seg\BIV-Priv-Seg\426.jpeg,0,,0,426,0,0,0,0,1,1
C:\RIT\GA\BIV-Priv-Seg\BIV-Priv-Seg\427.jpeg,0,,0,427,0,0,0,0,1,1
C:\RIT\GA\BIV-Priv-Seg\BIV-Priv-Seg\428.jpeg,1,0.288,1,428,1,1,0,0,0,1
C:\RIT\GA\BIV-Priv-Seg\BIV-Priv-Seg\429.jpeg,0,,0,429,0,0,0,0,1,1
C:\RIT\GA\BIV-Priv-Seg\BIV-Priv-Seg\43.jpeg,0,,0,43,1,0,0,1,0,1
C:\RIT\GA\BIV-Priv-Seg\BIV-Priv-Seg\430.jpeg,0,,0,430,1,0,0,1,0,1
C:\RIT\GA\BIV-Priv-Seg\BIV-Priv-Seg\431.jpeg,1,0.339,1,431,0,0,1,0,0,1
C:\RIT\GA\BIV-Priv-Seg\BIV-Priv-Seg\432.jpeg,1,0.497,1,432,0,0,1,0,0,1
C:\RIT\GA\BIV-Priv-Seg\BIV-Priv-Seg\433.jpeg,0,,0,433,1,0,0,1,0,1
C:\RIT\GA\BIV-Priv-Seg\BIV-Priv-Seg\434.jpeg,0,,0,434,0,0,0,0,1,1
C:\RIT\GA\BIV-Priv-Seg\BIV-Priv-Seg\435.jpeg,0,,0,435,0,0,0,0,1,1
C:\RIT\GA\BIV-Priv-Seg\BIV-Priv-Seg\436.jpeg,0,,0,436,1,0,0,1,0,1
C:\RIT\GA\BIV-Priv-Seg\BIV-Priv-Seg\437.jpeg,0,,0,437,0,0,0,0,1,1
C:\RIT\GA\BIV-Priv-Seg\BIV-Priv-Seg\438.jpeg,1,0.904,1,438,1,1,0,0,0,1
C:\RIT\GA\BIV-Priv-Seg\BIV-Priv-Seg\439.jpeg,0,,0,439,0,0,0,0,1,1
C:\RIT\GA\BIV-Priv-Seg\BIV-Priv-Seg\44.jpeg,0,,0,44,1,0,0,1,0,1
C:\RIT\GA\BIV-Priv-Seg\BIV-Priv-Seg\440.jpeg,0,,0,440,0,0,0,0,1,1
C:\RIT\GA\BIV-Priv-Seg\BIV-Priv-Seg\441.jpeg,0,,0,441,0,0,0,0,1,1
C:\RIT\GA\BIV-Priv-Seg\BIV-Priv-Seg\442.jpeg,0,,0,442,0,0,0,0,1,1
C:\RIT\GA\BIV-Priv-Seg\BIV-Priv-Seg\443.jpeg,0,,0,443,0,0,0,0,1,1
C:\RIT\GA\BIV-Priv-Seg\BIV-Priv-Seg\444.jpeg,0,,0,444,0,0,0,0,1,1
C:\RIT\GA\BIV-Priv-Seg\BIV-Priv-Seg\445.jpeg,0,,0,445,1,0,0,1,0,1
C:\RIT\GA\BIV-Priv-Seg\BIV-Priv-Seg\446.jpeg,0,,0,446,0,0,0,0,1,1
C:\RIT\GA\BIV-Priv-Seg\BIV-Priv-Seg\447.jpeg,1,0.339,1,447,1,1,0,0,0,1
C:\RIT\GA\BIV-Priv-Seg\BIV-Priv-Seg\448.jpeg,0,,0,448,0,0,0,0,1,1
C:\RIT\GA\BIV-Priv-Seg\BIV-Priv-Seg\449.jpeg,0,,0,449,1,0,0,1,0,1
C:\RIT\GA\BIV-Priv-Seg\BIV-Priv-Seg\45.jpeg,0,,0,45,0,0,0,0,1,1
C:\RIT\GA\BIV-Priv-Seg\BIV-Priv-Seg\450.jpeg,1,0.746,1,450,1,1,0,0,0,1
C:\RIT\GA\BIV-Priv-Seg\BIV-Priv-Seg\451.jpeg,0,,0,451,0,0,0,0,1,1
C:\RIT\GA\BIV-Priv-Seg\BIV-Priv-Seg\452.jpeg,0,,0,452,0,0,0,0,1,1
C:\RIT\GA\BIV-Priv-Seg\BIV-Priv-Seg\453.jpeg,1,0.363,1,453,1,1,0,0,0,1
C:\RIT\GA\BIV-Priv-Seg\BIV-Priv-Seg\454.jpeg,0,,0,454,0,0,0,0,1,1
C:\RIT\GA\BIV-Priv-Seg\BIV-Priv-Seg\455.jpeg,0,,0,455,0,0,0,0,1,1
C:\RIT\GA\BIV-Priv-Seg\BIV-Priv-Seg\456.jpeg,1,0.478,1,456,1,1,0,0,0,1
C:\RIT\GA\BIV-Priv-Seg\BIV-Priv-Seg\457.jpeg,0,,0,457,1,0,0,1,0,1
C:\RIT\GA\BIV-Priv-Seg\BIV-Priv-Seg\458.jpeg,0,,0,458,1,0,0,1,0,1
C:\RIT\GA\BIV-Priv-Seg\BIV-Priv-Seg\459.jpeg,0,,0,459,1,0,0,1,0,1
C:\RIT\GA\BIV-Priv-Seg\BIV-Priv-Seg\46.jpeg,0,,0,46,1,0,0,1,0,1
C:\RIT\GA\BIV-Priv-Seg\BIV-Priv-Seg\460.jpeg,0,,0,460,1,0,0,1,0,1
C:\RIT\GA\BIV-Priv-Seg\BIV-Priv-Seg\461.jpeg,0,,0,461,1,0,0,1,0,1
C:\RIT\GA\BIV-Priv-Seg\BIV-Priv-Seg\462.jpeg,0,,0,462,1,0,0,1,0,1
C:\RIT\GA\BIV-Priv-Seg\BIV-Priv-Seg\463.jpeg,0,,0,463,0,0,0,0,1,1
C:\RIT\GA\BIV-Priv-Seg\BIV-Priv-Seg\464.jpeg,0,,0,464,1,0,0,1,0,1
C:\RIT\GA\BIV-Priv-Seg\BIV-Priv-Seg\465.jpeg,0,,0,465,0,0,0,0,1,1
C:\RIT\GA\BIV-Priv-Seg\BIV-Priv-Seg\466.jpeg,0,,0,466,1,0,0,1,0,1
C:\RIT\GA\BIV-Priv-Seg\BIV-Priv-Seg\467.jpeg,0,,0,467,1,0,0,1,0,1
C:\RIT\GA\BIV-Priv-Seg\BIV-Priv-Seg\468.jpeg,0,,0,468,0,0,0,0,1,1
C:\RIT\GA\BIV-Priv-Seg\BIV-Priv-Seg\469.jpeg,0,,0,469,1,0,0,1,0,1
C:\RIT\GA\BIV-Priv-Seg\BIV-Priv-Seg\47.jpeg,0,,0,47,1,0,0,1,0,1
C:\RIT\GA\BIV-Priv-Seg\BIV-Priv-Seg\471.jpeg,0,,0,471,0,0,0,0,1,1
C:\RIT\GA\BIV-Priv-Seg\BIV-Priv-Seg\472.jpeg,0,,0,472,1,0,0,1,0,1
C:\RIT\GA\BIV-Priv-Seg\BIV-Priv-Seg\473.jpeg,0,,0,473,1,0,0,1,0,1
C:\RIT\GA\BIV-Priv-Seg\BIV-Priv-Seg\475.jpeg,0,,0,475,0,0,0,0,1,1
C:\RIT\GA\BIV-Priv-Seg\BIV-Priv-Seg\477.jpeg,0,,0,477,0,0,0,0,1,1
C:\RIT\GA\BIV-Priv-Seg\BIV-Priv-Seg\478.jpeg,0,,0,478,0,0,0,0,1,1
C:\RIT\GA\BIV-Priv-Seg\BIV-Priv-Seg\48.jpeg,0,,0,48,1,0,0,1,0,1
C:\RIT\GA\BIV-Priv-Seg\BIV-Priv-Seg\482.jpeg,0,,0,482,1,0,0,1,0,1
C:\RIT\GA\BIV-Priv-Seg\BIV-Priv-Seg\483.jpeg,0,,0,483,0,0,0,0,1,1
C:\RIT\GA\BIV-Priv-Seg\BIV-Priv-Seg\487.jpeg,1,0.350,1,487,0,0,1,0,0,1
C:\RIT\GA\BIV-Priv-Seg\BIV-Priv-Seg\489.jpeg,0,,0,489,0,0,0,0,1,1
C:\RIT\GA\BIV-Priv-Seg\BIV-Priv-Seg\49.jpeg,0,,0,49,0,0,0,0,1,1
C:\RIT\GA\BIV-Priv-Seg\BIV-Priv-Seg\493.jpeg,0,,0,493,0,0,0,0,1,1
C:\RIT\GA\BIV-Priv-Seg\BIV-Priv-Seg\494.jpeg,0,,0,494,0,0,0,0,1,1
C:\RIT\GA\BIV-Priv-Seg\BIV-Priv-Seg\5.jpeg,0,,0,5,1,0,0,1,0,1
C:\RIT\GA\BIV-Priv-Seg\BIV-Priv-Seg\50.jpeg,0,,0,50,0,0,0,0,1,1
C:\RIT\GA\BIV-Priv-Seg\BIV-Priv-Seg\500.jpeg,0,,0,500,0,0,0,0,1,1
C:\RIT\GA\BIV-Priv-Seg\BIV-Priv-Seg\502.jpeg,0,,0,502,0,0,0,0,1,1
C:\RIT\GA\BIV-Priv-Seg\BIV-Priv-Seg\503.jpeg,0,,0,503,0,0,0,0,1,1
C:\RIT\GA\BIV-Priv-Seg\BIV-Priv-Seg\504.jpeg,0,,0,504,0,0,0,0,1,1
C:\RIT\GA\BIV-Priv-Seg\BIV-Priv-Seg\505.jpeg,0,,0,505,0,0,0,0,1,1
C:\RIT\GA\BIV-Priv-Seg\BIV-Priv-Seg\506.jpeg,0,,0,506,1,0,0,1,0,1
C:\RIT\GA\BIV-Priv-Seg\BIV-Priv-Seg\507.jpeg,0,,0,507,0,0,0,0,1,1
C:\RIT\GA\BIV-Priv-Seg\BIV-Priv-Seg\508.jpeg,0,,0,508,0,0,0,0,1,1
C:\RIT\GA\BIV-Priv-Seg\BIV-Priv-Seg\509.jpeg,1,0.309,1,509,1,1,0,0,0,1
C:\RIT\GA\BIV-Priv-Seg\BIV-Priv-Seg\51.jpeg,1,0.311,1,51,1,1,0,0,0,1
C:\RIT\GA\BIV-Priv-Seg\BIV-Priv-Seg\510.jpeg,0,,0,510,0,0,0,0,1,1
C:\RIT\GA\BIV-Priv-Seg\BIV-Priv-Seg\511.jpeg,0,,0,511,1,0,0,1,0,1
C:\RIT\GA\BIV-Priv-Seg\BIV-Priv-Seg\512.jpeg,0,,0,512,0,0,0,0,1,1
C:\RIT\GA\BIV-Priv-Seg\BIV-Priv-Seg\513.jpeg,0,,0,513,1,0,0,1,0,1
C:\RIT\GA\BIV-Priv-Seg\BIV-Priv-Seg\514.jpeg,0,,0,514,0,0,0,0,1,1
C:\RIT\GA\BIV-Priv-Seg\BIV-Priv-Seg\515.jpeg,0,,0,515,1,0,0,1,0,1
C:\RIT\GA\BIV-Priv-Seg\BIV-Priv-Seg\516.jpeg,0,,0,516,0,0,0,0,1,1
C:\RIT\GA\BIV-Priv-Seg\BIV-Priv-Seg\517.jpeg,0,,0,517,1,0,0,1,0,1
C:\RIT\GA\BIV-Priv-Seg\BIV-Priv-Seg\518.jpeg,0,,0,518,1,0,0,1,0,1
C:\RIT\GA\BIV-Priv-Seg\BIV-Priv-Seg\519.jpeg,0,,0,519,0,0,0,0,1,1
C:\RIT\GA\BIV-Priv-Seg\BIV-Priv-Seg\52.jpeg,0,,0,52,0,0,0,0,1,1
C:\RIT\GA\BIV-Priv-Seg\BIV-Priv-Seg\520.jpeg,1,0.580,1,520,1,1,0,0,0,1
C:\RIT\GA\BIV-Priv-Seg\BIV-Priv-Seg\521.jpeg,0,,0,521,0,0,0,0,1,1
C:\RIT\GA\BIV-Priv-Seg\BIV-Priv-Seg\522.jpeg,0,,0,522,0,0,0,0,1,1
C:\RIT\GA\BIV-Priv-Seg\BIV-Priv-Seg\523.jpeg,0,,0,523,1,0,0,1,0,1
C:\RIT\GA\BIV-Priv-Seg\BIV-Priv-Seg\524.jpeg,1,0.282,1,524,1,1,0,0,0,1
C:\RIT\GA\BIV-Priv-Seg\BIV-Priv-Seg\525.jpeg,0,,0,525,1,0,0,1,0,1
C:\RIT\GA\BIV-Priv-Seg\BIV-Priv-Seg\526.jpeg,0,,0,526,1,0,0,1,0,1
C:\RIT\GA\BIV-Priv-Seg\BIV-Priv-Seg\527.jpeg,0,,0,527,0,0,0,0,1,1
C:\RIT\GA\BIV-Priv-Seg\BIV-Priv-Seg\528.jpeg,0,,0,528,1,0,0,1,0,1
C:\RIT\GA\BIV-Priv-Seg\BIV-Priv-Seg\529.jpeg,0,,0,529,0,0,0,0,1,1
C:\RIT\GA\BIV-Priv-Seg\BIV-Priv-Seg\530.jpeg,0,,0,530,0,0,0,0,1,1
C:\RIT\GA\BIV-Priv-Seg\BIV-Priv-Seg\531.jpeg,0,,0,531,0,0,0,0,1,1
C:\RIT\GA\BIV-Priv-Seg\BIV-Priv-Seg\532.jpeg,0,,0,532,1,0,0,1,0,1
C:\RIT\GA\BIV-Priv-Seg\BIV-Priv-Seg\533.jpeg,1,0.309,1,533,0,0,1,0,0,1
C:\RIT\GA\BIV-Priv-Seg\BIV-Priv-Seg\534.jpeg,0,,0,534,0,0,0,0,1,1
C:\RIT\GA\BIV-Priv-Seg\BIV-Priv-Seg\535.jpeg,0,,0,535,0,0,0,0,1,1
C:\RIT\GA\BIV-Priv-Seg\BIV-Priv-Seg\536.jpeg,0,,0,536,1,0,0,1,0,1
C:\RIT\GA\BIV-Priv-Seg\BIV-Priv-Seg\537.jpeg,0,,0,537,1,0,0,1,0,1
C:\RIT\GA\BIV-Priv-Seg\BIV-Priv-Seg\538.jpeg,0,,0,538,1,0,0,1,0,1
C:\RIT\GA\BIV-Priv-Seg\BIV-Priv-Seg\539.jpeg,0,,0,539,1,0,0,1,0,1
C:\RIT\GA\BIV-Priv-Seg\BIV-Priv-Seg\54.jpeg,0,,0,54,0,0,0,0,1,1
C:\RIT\GA\BIV-Priv-Seg\BIV-Priv-Seg\540.jpeg,0,,0,540,1,0,0,1,0,1
C:\RIT\GA\BIV-Priv-Seg\BIV-Priv-Seg\541.jpeg,0,,0,541,0,0,0,0,1,1
C:\RIT\GA\BIV-Priv-Seg\BIV-Priv-Seg\542.jpeg,0,,0,542,1,0,0,1,0,1
C:\RIT\GA\BIV-Priv-Seg\BIV-Priv-Seg\543.jpeg,0,,0,543,1,0,0,1,0,1
C:\RIT\GA\BIV-Priv-Seg\BIV-Priv-Seg\544.jpeg,1,0.251,1,544,1,1,0,0,0,1
C:\RIT\GA\BIV-Priv-Seg\BIV-Priv-Seg\546.jpeg,0,,0,546,0,0,0,0,1,1
C:\RIT\GA\BIV-Priv-Seg\BIV-Priv-Seg\547.jpeg,0,,0,547,0,0,0,0,1,1
C:\RIT\GA\BIV-Priv-Seg\BIV-Priv-Seg\548.jpeg,1,0.259,1,548,0,0,1,0,0,1
C:\RIT\GA\BIV-Priv-Seg\BIV-Priv-Seg\549.jpeg,0,,0,549,0,0,0,0,1,1
C:\RIT\GA\BIV-Priv-Seg\BIV-Priv-Seg\55.jpeg,0,,0,55,0,0,0,0,1,1
C:\RIT\GA\BIV-Priv-Seg\BIV-Priv-Seg\550.jpeg,0,,0,550,0,0,0,0,1,1
C:\RIT\GA\BIV-Priv-Seg\BIV-Priv-Seg\551.jpeg,1,0.269,1,551,0,0,1,0,0,1
C:\RIT\GA\BIV-Priv-Seg\BIV-Priv-Seg\552.jpeg,0,,0,552,0,0,0,0,1,1
C:\RIT\GA\BIV-Priv-Seg\BIV-Priv-Seg\553.jpeg,0,,0,553,1,0,0,1,0,1
C:\RIT\GA\BIV-Priv-Seg\BIV-Priv-Seg\554.jpeg,0,,0,554,0,0,0,0,1,1
C:\RIT\GA\BIV-Priv-Seg\BIV-Priv-Seg\555.jpeg,1,0.344,1,555,0,0,1,0,0,1
C:\RIT\GA\BIV-Priv-Seg\BIV-Priv-Seg\556.jpeg,0,,0,556,0,0,0,0,1,1
C:\RIT\GA\BIV-Priv-Seg\BIV-Priv-Seg\557.jpeg,0,,0,557,0,0,0,0,1,1
C:\RIT\GA\BIV-Priv-Seg\BIV-Priv-Seg\558.jpeg,0,,0,558,0,0,0,0,1,1
C:\RIT\GA\BIV-Priv-Seg\BIV-Priv-Seg\559.jpeg,0,,0,559,1,0,0,1,0,1
C:\RIT\GA\BIV-Priv-Seg\BIV-Priv-Seg\56.jpeg,0,,0,56,0,0,0,0,1,1
C:\RIT\GA\BIV-Priv-Seg\BIV-Priv-Seg\560.jpeg,0,,0,560,0,0,0,0,1,1
C:\RIT\GA\BIV-Priv-Seg\BIV-Priv-Seg\561.jpeg,0,,0,561,0,0,0,0,1,1
C:\RIT\GA\BIV-Priv-Seg\BIV-Priv-Seg\562.jpeg,1,0.311,1,562,0,0,1,0,0,1
C:\RIT\GA\BIV-Priv-Seg\BIV-Priv-Seg\563.jpeg,0,,0,563,0,0,0,0,1,1
C:\RIT\GA\BIV-Priv-Seg\BIV-Priv-Seg\564.jpeg,1,0.339,1,564,0,0,1,0,0,1
C:\RIT\GA\BIV-Priv-Seg\BIV-Priv-Seg\565.jpeg,0,,0,565,0,0,0,0,1,1
C:\RIT\GA\BIV-Priv-Seg\BIV-Priv-Seg\566.jpeg,0,,0,566,0,0,0,0,1,1
C:\RIT\GA\BIV-Priv-Seg\BIV-Priv-Seg\567.jpeg,0,,0,567,1,0,0,1,0,1
C:\RIT\GA\BIV-Priv-Seg\BIV-Priv-Seg\568.jpeg,0,,0,568,1,0,0,1,0,1
C:\RIT\GA\BIV-Priv-Seg\BIV-Priv-Seg\569.jpeg,0,,0,569,0,0,0,0,1,1
C:\RIT\GA\BIV-Priv-Seg\BIV-Priv-Seg\57.jpeg,0,,0,57,0,0,0,0,1,1
C:\RIT\GA\BIV-Priv-Seg\BIV-Priv-Seg\570.jpeg,0,,0,570,0,0,0,0,1,1
C:\RIT\GA\BIV-Priv-Seg\BIV-Priv-Seg\571.jpeg,0,,0,571,0,0,0,0,1,1
C:\RIT\GA\BIV-Priv-Seg\BIV-Priv-Seg\572.jpeg,0,,0,572,1,0,0,1,0,1
C:\RIT\GA\BIV-Priv-Seg\BIV-Priv-Seg\573.jpeg,0,,0,573,1,0,0,1,0,1
C:\RIT\GA\BIV-Priv-Seg\BIV-Priv-Seg\574.jpeg,0,,0,574,0,0,0,0,1,1
C:\RIT\GA\BIV-Priv-Seg\BIV-Priv-Seg\575.jpeg,0,,0,575,1,0,0,1,0,1
C:\RIT\GA\BIV-Priv-Seg\BIV-Priv-Seg\576.jpeg,0,,0,576,0,0,0,0,1,1
C:\RIT\GA\BIV-Priv-Seg\BIV-Priv-Seg\577.jpeg,1,0.826,1,577,1,1,0,0,0,1
C:\RIT\GA\BIV-Priv-Seg\BIV-Priv-Seg\578.jpeg,0,,0,578,0,0,0,0,1,1
C:\RIT\GA\BIV-Priv-Seg\BIV-Priv-Seg\579.jpeg,0,,0,579,1,0,0,1,0,1
C:\RIT\GA\BIV-Priv-Seg\BIV-Priv-Seg\58.jpeg,0,,0,58,1,0,0,1,0,1
C:\RIT\GA\BIV-Priv-Seg\BIV-Priv-Seg\580.jpeg,0,,0,580,1,0,0,1,0,1
C:\RIT\GA\BIV-Priv-Seg\BIV-Priv-Seg\581.jpeg,0,,0,581,1,0,0,1,0,1
C:\RIT\GA\BIV-Priv-Seg\BIV-Priv-Seg\582.jpeg,0,,0,582,0,0,0,0,1,1
C:\RIT\GA\BIV-Priv-Seg\BIV-Priv-Seg\583.jpeg,1,0.555,1,583,0,0,1,0,0,1
C:\RIT\GA\BIV-Priv-Seg\BIV-Priv-Seg\584.jpeg,0,,0,584,1,0,0,1,0,1
C:\RIT\GA\BIV-Priv-Seg\BIV-Priv-Seg\585.jpeg,0,,0,585,0,0,0,0,1,1
C:\RIT\GA\BIV-Priv-Seg\BIV-Priv-Seg\586.jpeg,1,0.306,1,586,1,1,0,0,0,1
C:\RIT\GA\BIV-Priv-Seg\BIV-Priv-Seg\587.jpeg,0,,0,587,0,0,0,0,1,1
C:\RIT\GA\BIV-Priv-Seg\BIV-Priv-Seg\588.jpeg,0,,0,588,1,0,0,1,0,1
C:\RIT\GA\BIV-Priv-Seg\BIV-Priv-Seg\589.jpeg,0,,0,589,0,0,0,0,1,1
C:\RIT\GA\BIV-Priv-Seg\BIV-Priv-Seg\59.jpeg,2,0.311;0.295,1,59,1,1,0,0,0,1
C:\RIT\GA\BIV-Priv-Seg\BIV-Priv-Seg\590.jpeg,1,0.383,1,590,1,1,0,0,0,1
C:\RIT\GA\BIV-Priv-Seg\BIV-Priv-Seg\591.jpeg,0,,0,591,0,0,0,0,1,1
C:\RIT\GA\BIV-Priv-Seg\BIV-Priv-Seg\592.jpeg,0,,0,592,0,0,0,0,1,1
C:\RIT\GA\BIV-Priv-Seg\BIV-Priv-Seg\593.jpeg,0,,0,593,0,0,0,0,1,1
C:\RIT\GA\BIV-Priv-Seg\BIV-Priv-Seg\594.jpeg,0,,0,594,0,0,0,0,1,1
C:\RIT\GA\BIV-Priv-Seg\BIV-Priv-Seg\595.jpeg,0,,0,595,1,0,0,1,0,1
C:\RIT\GA\BIV-Priv-Seg\BIV-Priv-Seg\596.jpeg,1,0.392,1,596,1,1,0,0,0,1
C:\RIT\GA\BIV-Priv-Seg\BIV-Priv-Seg\597.jpeg,0,,0,597,0,0,0,0,1,1
C:\RIT\GA\BIV-Priv-Seg\BIV-Priv-Seg\598.jpeg,0,,0,598,0,0,0,0,1,1
C:\RIT\GA\BIV-Priv-Seg\BIV-Priv-Seg\599.jpeg,0,,0,599,0,0,0,0,1,1
C:\RIT\GA\BIV-Priv-Seg\BIV-Priv-Seg\6.jpeg,0,,0,6,0,0,0,0,1,1
C:\RIT\GA\BIV-Priv-Seg\BIV-Priv-Seg\60.jpeg,0,,0,60,0,0,0,0,1,1
C:\RIT\GA\BIV-Priv-Seg\BIV-Priv-Seg\601.jpeg,0,,0,601,1,0,0,1,0,1
C:\RIT\GA\BIV-Priv-Seg\BIV-Priv-Seg\602.jpeg,0,,0,602,1,0,0,1,0,1
C:\RIT\GA\BIV-Priv-Seg\BIV-Priv-Seg\603.jpeg,0,,0,603,1,0,0,1,0,1
C:\RIT\GA\BIV-Priv-Seg\BIV-Priv-Seg\604.jpeg,0,,0,604,0,0,0,0,1,1
C:\RIT\GA\BIV-Priv-Seg\BIV-Priv-Seg\605.jpeg,0,,0,605,0,0,0,0,1,1
C:\RIT\GA\BIV-Priv-Seg\BIV-Priv-Seg\606.jpeg,0,,0,606,1,0,0,1,0,1
C:\RIT\GA\BIV-Priv-Seg\BIV-Priv-Seg\607.jpeg,0,,0,607,1,0,0,1,0,1
C:\RIT\GA\BIV-Priv-Seg\BIV-Priv-Seg\608.jpeg,0,,0,608,1,0,0,1,0,1
C:\RIT\GA\BIV-Priv-Seg\BIV-Priv-Seg\609.jpeg,0,,0,609,0,0,0,0,1,1
C:\RIT\GA\BIV-Priv-Seg\BIV-Priv-Seg\61.jpeg,0,,0,61,0,0,0,0,1,1
C:\RIT\GA\BIV-Priv-Seg\BIV-Priv-Seg\610.jpeg,0,,0,610,0,0,0,0,1,1
C:\RIT\GA\BIV-Priv-Seg\BIV-Priv-Seg\611.jpeg,0,,0,611,0,0,0,0,1,1
C:\RIT\GA\BIV-Priv-Seg\BIV-Priv-Seg\612.jpeg,0,,0,612,0,0,0,0,1,1
C:\RIT\GA\BIV-Priv-Seg\BIV-Priv-Seg\613.jpeg,0,,0,613,0,0,0,0,1,1
C:\RIT\GA\BIV-Priv-Seg\BIV-Priv-Seg\614.jpeg,0,,0,614,0,0,0,0,1,1
C:\RIT\GA\BIV-Priv-Seg\BIV-Priv-Seg\615.jpeg,0,,0,615,1,0,0,1,0,1
C:\RIT\GA\BIV-Priv-Seg\BIV-Priv-Seg\616.jpeg,0,,0,616,0,0,0,0,1,1
C:\RIT\GA\BIV-Priv-Seg\BIV-Priv-Seg\617.jpeg,1,0.815,1,617,1,1,0,0,0,1
C:\RIT\GA\BIV-Priv-Seg\BIV-Priv-Seg\618.jpeg,0,,0,618,0,0,0,0,1,1
C:\RIT\GA\BIV-Priv-Seg\BIV-Priv-Seg\619.jpeg,0,,0,619,1,0,0,1,0,1
C:\RIT\GA\BIV-Priv-Seg\BIV-Priv-Seg\62.jpeg,0,,0,62,0,0,0,0,1,1
C:\RIT\GA\BIV-Priv-Seg\BIV-Priv-Seg\620.jpeg,0,,0,620,1,0,0,1,0,1
C:\RIT\GA\BIV-Priv-Seg\BIV-Priv-Seg\621.jpeg,0,,0,621,0,0,0,0,1,1
C:\RIT\GA\BIV-Priv-Seg\BIV-Priv-Seg\622.jpeg,0,,0,622,0,0,0,0,1,1
C:\RIT\GA\BIV-Priv-Seg\BIV-Priv-Seg\623.jpeg,0,,0,623,0,0,0,0,1,1
C:\RIT\GA\BIV-Priv-Seg\BIV-Priv-Seg\624.jpeg,0,,0,624,1,0,0,1,0,1
C:\RIT\GA\BIV-Priv-Seg\BIV-Priv-Seg\625.jpeg,0,,0,625,1,0,0,1,0,1
C:\RIT\GA\BIV-Priv-Seg\BIV-Priv-Seg\626.jpeg,0,,0,626,0,0,0,0,1,1
C:\RIT\GA\BIV-Priv-Seg\BIV-Priv-Seg\627.jpeg,0,,0,627,1,0,0,1,0,1
C:\RIT\GA\BIV-Priv-Seg\BIV-Priv-Seg\628.jpeg,2,0.603;0.288,1,628,1,1,0,0,0,1
C:\RIT\GA\BIV-Priv-Seg\BIV-Priv-Seg\629.jpeg,0,,0,629,1,0,0,1,0,1
C:\RIT\GA\BIV-Priv-Seg\BIV-Priv-Seg\63.jpeg,0,,0,63,0,0,0,0,1,1
C:\RIT\GA\BIV-Priv-Seg\BIV-Priv-Seg\630.jpeg,0,,0,630,1,0,0,1,0,1
C:\RIT\GA\BIV-Priv-Seg\BIV-Priv-Seg\631.jpeg,0,,0,631,1,0,0,1,0,1
C:\RIT\GA\BIV-Priv-Seg\BIV-Priv-Seg\632.jpeg,0,,0,632,1,0,0,1,0,1
C:\RIT\GA\BIV-Priv-Seg\BIV-Priv-Seg\633.jpeg,0,,0,633,0,0,0,0,1,1
C:\RIT\GA\BIV-Priv-Seg\BIV-Priv-Seg\635.jpeg,0,,0,635,0,0,0,0,1,1
C:\RIT\GA\BIV-Priv-Seg\BIV-Priv-Seg\636.jpeg,0,,0,636,1,0,0,1,0,1
C:\RIT\GA\BIV-Priv-Seg\BIV-Priv-Seg\637.jpeg,1,0.368,1,637,1,1,0,0,0,1
C:\RIT\GA\BIV-Priv-Seg\BIV-Priv-Seg\638.jpeg,0,,0,638,0,0,0,0,1,1
C:\RIT\GA\BIV-Priv-Seg\BIV-Priv-Seg\639.jpeg,1,0.701,1,639,1,1,0,0,0,1
C:\RIT\GA\BIV-Priv-Seg\BIV-Priv-Seg\64.jpeg,0,,0,64,0,0,0,0,1,1
C:\RIT\GA\BIV-Priv-Seg\BIV-Priv-Seg\640.jpeg,0,,0,640,0,0,0,0,1,1
C:\RIT\GA\BIV-Priv-Seg\BIV-Priv-Seg\641.jpeg,2,0.368;0.252,1,641,1,1,0,0,0,1
C:\RIT\GA\BIV-Priv-Seg\BIV-Priv-Seg\642.jpeg,0,,0,642,0,0,0,0,1,1
C:\RIT\GA\BIV-Priv-Seg\BIV-Priv-Seg\643.jpeg,0,,0,643,0,0,0,0,1,1
C:\RIT\GA\BIV-Priv-Seg\BIV-Priv-Seg\644.jpeg,0,,0,644,0,0,0,0,1,1
C:\RIT\GA\BIV-Priv-Seg\BIV-Priv-Seg\646.jpeg,0,,0,646,1,0,0,1,0,1
C:\RIT\GA\BIV-Priv-Seg\BIV-Priv-Seg\647.jpeg,0,,0,647,0,0,0,0,1,1
C:\RIT\GA\BIV-Priv-Seg\BIV-Priv-Seg\648.jpeg,1,0.309,1,648,1,1,0,0,0,1
C:\RIT\GA\BIV-Priv-Seg\BIV-Priv-Seg\649.jpeg,0,,0,649,0,0,0,0,1,1
C:\RIT\GA\BIV-Priv-Seg\BIV-Priv-Seg\65.jpeg,0,,0,65,1,0,0,1,0,1
C:\RIT\GA\BIV-Priv-Seg\BIV-Priv-Seg\650.jpeg,0,,0,650,0,0,0,0,1,1
C:\RIT\GA\BIV-Priv-Seg\BIV-Priv-Seg\651.jpeg,1,0.530,1,651,1,1,0,0,0,1
C:\RIT\GA\BIV-Priv-Seg\BIV-Priv-Seg\652.jpeg,0,,0,652,0,0,0,0,1,1
C:\RIT\GA\BIV-Priv-Seg\BIV-Priv-Seg\653.jpeg,0,,0,653,0,0,0,0,1,1
C:\RIT\GA\BIV-Priv-Seg\BIV-Priv-Seg\654.jpeg,0,,0,654,1,0,0,1,0,1
C:\RIT\GA\BIV-Priv-Seg\BIV-Priv-Seg\655.jpeg,0,,0,655,1,0,0,1,0,1
C:\RIT\GA\BIV-Priv-Seg\BIV-Priv-Seg\656.jpeg,0,,0,656,0,0,0,0,1,1
C:\RIT\GA\BIV-Priv-Seg\BIV-Priv-Seg\657.jpeg,0,,0,657,0,0,0,0,1,1
C:\RIT\GA\BIV-Priv-Seg\BIV-Priv-Seg\659.jpeg,0,,0,659,0,0,0,0,1,1
C:\RIT\GA\BIV-Priv-Seg\BIV-Priv-Seg\66.jpeg,1,0.574,1,66,0,0,1,0,0,1
C:\RIT\GA\BIV-Priv-Seg\BIV-Priv-Seg\660.jpeg,0,,0,660,0,0,0,0,1,1
C:\RIT\GA\BIV-Priv-Seg\BIV-Priv-Seg\661.jpeg,0,,0,661,0,0,0,0,1,1
C:\RIT\GA\BIV-Priv-Seg\BIV-Priv-Seg\663.jpeg,1,0.502,1,663,1,1,0,0,0,1
C:\RIT\GA\BIV-Priv-Seg\BIV-Priv-Seg\664.jpeg,0,,0,664,0,0,0,0,1,1
C:\RIT\GA\BIV-Priv-Seg\BIV-Priv-Seg\665.jpeg,0,,0,665,0,0,0,0,1,1
C:\RIT\GA\BIV-Priv-Seg\BIV-Priv-Seg\666.jpeg,0,,0,666,0,0,0,0,1,1
C:\RIT\GA\BIV-Priv-Seg\BIV-Priv-Seg\667.jpeg,0,,0,667,0,0,0,0,1,1
C:\RIT\GA\BIV-Priv-Seg\BIV-Priv-Seg\669.jpeg,0,,0,669,0,0,0,0,1,1
C:\RIT\GA\BIV-Priv-Seg\BIV-Priv-Seg\67.jpeg,0,,0,67,0,0,0,0,1,1
C:\RIT\GA\BIV-Priv-Seg\BIV-Priv-Seg\670.jpeg,0,,0,670,0,0,0,0,1,1
C:\RIT\GA\BIV-Priv-Seg\BIV-Priv-Seg\671.jpeg,1,0.396,1,671,0,0,1,0,0,1
C:\RIT\GA\BIV-Priv-Seg\BIV-Priv-Seg\672.jpeg,0,,0,672,0,0,0,0,1,1
C:\RIT\GA\BIV-Priv-Seg\BIV-Priv-Seg\673.jpeg,0,,0,673,0,0,0,0,1,1
C:\RIT\GA\BIV-Priv-Seg\BIV-Priv-Seg\675.jpeg,0,,0,675,0,0,0,0,1,1
C:\RIT\GA\BIV-Priv-Seg\BIV-Priv-Seg\676.jpeg,0,,0,676,0,0,0,0,1,1
C:\RIT\GA\BIV-Priv-Seg\BIV-Priv-Seg\677.jpeg,0,,0,677,0,0,0,0,1,1
C:\RIT\GA\BIV-Priv-Seg\BIV-Priv-Seg\678.jpeg,0,,0,678,0,0,0,0,1,1
C:\RIT\GA\BIV-Priv-Seg\BIV-Priv-Seg\679.jpeg,0,,0,679,0,0,0,0,1,1
C:\RIT\GA\BIV-Priv-Seg\BIV-Priv-Seg\68.jpeg,0,,0,68,0,0,0,0,1,1
C:\RIT\GA\BIV-Priv-Seg\BIV-Priv-Seg\680.jpeg,0,,0,680,0,0,0,0,1,1
C:\RIT\GA\BIV-Priv-Seg\BIV-Priv-Seg\681.jpeg,0,,0,681,0,0,0,0,1,1
C:\RIT\GA\BIV-Priv-Seg\BIV-Priv-Seg\682.jpeg,0,,0,682,1,0,0,1,0,1
C:\RIT\GA\BIV-Priv-Seg\BIV-Priv-Seg\683.jpeg,0,,0,683,1,0,0,1,0,1
C:\RIT\GA\BIV-Priv-Seg\BIV-Priv-Seg\684.jpeg,1,0.810,1,684,1,1,0,0,0,1
C:\RIT\GA\BIV-Priv-Seg\BIV-Priv-Seg\685.jpeg,0,,0,685,0,0,0,0,1,1
C:\RIT\GA\BIV-Priv-Seg\BIV-Priv-Seg\686.jpeg,0,,0,686,0,0,0,0,1,1
C:\RIT\GA\BIV-Priv-Seg\BIV-Priv-Seg\687.jpeg,1,0.301,1,687,0,0,1,0,0,1
C:\RIT\GA\BIV-Priv-Seg\BIV-Priv-Seg\688.jpeg,0,,0,688,0,0,0,0,1,1
C:\RIT\GA\BIV-Priv-Seg\BIV-Priv-Seg\689.jpeg,0,,0,689,1,0,0,1,0,1
C:\RIT\GA\BIV-Priv-Seg\BIV-Priv-Seg\69.jpeg,0,,0,69,0,0,0,0,1,1
C:\RIT\GA\BIV-Priv-Seg\BIV-Priv-Seg\690.jpeg,0,,0,690,0,0,0,0,1,1
C:\RIT\GA\BIV-Priv-Seg\BIV-Priv-Seg\691.jpeg,0,,0,691,1,0,0,1,0,1
C:\RIT\GA\BIV-Priv-Seg\BIV-Priv-Seg\692.jpeg,0,,0,692,0,0,0,0,1,1
C:\RIT\GA\BIV-Priv-Seg\BIV-Priv-Seg\693.jpeg,1,0.300,1,693,0,0,1,0,0,1
C:\RIT\GA\BIV-Priv-Seg\BIV-Priv-Seg\694.jpeg,0,,0,694,0,0,0,0,1,1
C:\RIT\GA\BIV-Priv-Seg\BIV-Priv-Seg\695.jpeg,0,,0,695,1,0,0,1,0,1
C:\RIT\GA\BIV-Priv-Seg\BIV-Priv-Seg\696.jpeg,0,,0,696,0,0,0,0,1,1
C:\RIT\GA\BIV-Priv-Seg\BIV-Priv-Seg\697.jpeg,0,,0,697,0,0,0,0,1,1
C:\RIT\GA\BIV-Priv-Seg\BIV-Priv-Seg\698.jpeg,0,,0,698,1,0,0,1,0,1
C:\RIT\GA\BIV-Priv-Seg\BIV-Priv-Seg\699.jpeg,0,,0,699,0,0,0,0,1,1
C:\RIT\GA\BIV-Priv-Seg\BIV-Priv-Seg\7.jpeg,0,,0,7,0,0,0,0,1,1
C:\RIT\GA\BIV-Priv-Seg\BIV-Priv-Seg\70.jpeg,2,0.357;0.291,1,70,1,1,0,0,0,1
C:\RIT\GA\BIV-Priv-Seg\BIV-Priv-Seg\700.jpeg,0,,0,700,0,0,0,0,1,1
C:\RIT\GA\BIV-Priv-Seg\BIV-Priv-Seg\701.jpeg,0,,0,701,0,0,0,0,1,1
C:\RIT\GA\BIV-Priv-Seg\BIV-Priv-Seg\702.jpeg,1,0.393,1,702,0,0,1,0,0,1
C:\RIT\GA\BIV-Priv-Seg\BIV-Priv-Seg\703.jpeg,0,,0,703,0,0,0,0,1,1
C:\RIT\GA\BIV-Priv-Seg\BIV-Priv-Seg\704.jpeg,0,,0,704,0,0,0,0,1,1
C:\RIT\GA\BIV-Priv-Seg\BIV-Priv-Seg\705.jpeg,0,,0,705,0,0,0,0,1,1
C:\RIT\GA\BIV-Priv-Seg\BIV-Priv-Seg\706.jpeg,0,,0,706,0,0,0,0,1,1
C:\RIT\GA\BIV-Priv-Seg\BIV-Priv-Seg\707.jpeg,0,,0,707,0,0,0,0,1,1
C:\RIT\GA\BIV-Priv-Seg\BIV-Priv-Seg\708.jpeg,0,,0,708,0,0,0,0,1,1
C:\RIT\GA\BIV-Priv-Seg\BIV-Priv-Seg\709.jpeg,0,,0,709,0,0,0,0,1,1
C:\RIT\GA\BIV-Priv-Seg\BIV-Priv-Seg\71.jpeg,1,0.417,1,71,1,1,0,0,0,1
C:\RIT\GA\BIV-Priv-Seg\BIV-Priv-Seg\710.jpeg,0,,0,710,0,0,0,0,1,1
C:\RIT\GA\BIV-Priv-Seg\BIV-Priv-Seg\711.jpeg,0,,0,711,0,0,0,0,1,1
C:\RIT\GA\BIV-Priv-Seg\BIV-Priv-Seg\712.jpeg,1,0.316,1,712,0,0,1,0,0,1
C:\RIT\GA\BIV-Priv-Seg\BIV-Priv-Seg\713.jpeg,0,,0,713,0,0,0,0,1,1
C:\RIT\GA\BIV-Priv-Seg\BIV-Priv-Seg\714.jpeg,0,,0,714,0,0,0,0,1,1
C:\RIT\GA\BIV-Priv-Seg\BIV-Priv-Seg\715.jpeg,0,,0,715,0,0,0,0,1,1
C:\RIT\GA\BIV-Priv-Seg\BIV-Priv-Seg\716.jpeg,0,,0,716,0,0,0,0,1,1
C:\RIT\GA\BIV-Priv-Seg\BIV-Priv-Seg\717.jpeg,1,0.270,1,717,0,0,1,0,0,1
C:\RIT\GA\BIV-Priv-Seg\BIV-Priv-Seg\718.jpeg,0,,0,718,0,0,0,0,1,1
C:\RIT\GA\BIV-Priv-Seg\BIV-Priv-Seg\72.jpeg,0,,0,72,0,0,0,0,1,1
C:\RIT\GA\BIV-Priv-Seg\BIV-Priv-Seg\721.jpeg,1,0.336,1,721,0,0,1,0,0,1
C:\RIT\GA\BIV-Priv-Seg\BIV-Priv-Seg\723.jpeg,0,,0,723,1,0,0,1,0,1
C:\RIT\GA\BIV-Priv-Seg\BIV-Priv-Seg\727.jpeg,0,,0,727,0,0,0,0,1,1
C:\RIT\GA\BIV-Priv-Seg\BIV-Priv-Seg\728.jpeg,0,,0,728,1,0,0,1,0,1
C:\RIT\GA\BIV-Priv-Seg\BIV-Priv-Seg\729.jpeg,1,0.449,1,729,0,0,1,0,0,1
C:\RIT\GA\BIV-Priv-Seg\BIV-Priv-Seg\73.jpeg,0,,0,73,0,0,0,0,1,1
C:\RIT\GA\BIV-Priv-Seg\BIV-Priv-Seg\731.jpeg,0,,0,731,0,0,0,0,1,1
C:\RIT\GA\BIV-Priv-Seg\BIV-Priv-Seg\733.jpeg,0,,0,733,0,0,0,0,1,1
C:\RIT\GA\BIV-Priv-Seg\BIV-Priv-Seg\738.jpeg,0,,0,738,0,0,0,0,1,1
C:\RIT\GA\BIV-Priv-Seg\BIV-Priv-Seg\74.jpeg,0,,0,74,0,0,0,0,1,1
C:\RIT\GA\BIV-Priv-Seg\BIV-Priv-Seg\740.jpeg,0,,0,740,0,0,0,0,1,1
C:\RIT\GA\BIV-Priv-Seg\BIV-Priv-Seg\741.jpeg,0,,0,741,1,0,0,1,0,1
C:\RIT\GA\BIV-Priv-Seg\BIV-Priv-Seg\742.jpeg,0,,0,742,0,0,0,0,1,1
C:\RIT\GA\BIV-Priv-Seg\BIV-Priv-Seg\746.jpeg,0,,0,746,0,0,0,0,1,1
C:\RIT\GA\BIV-Priv-Seg\BIV-Priv-Seg\747.jpeg,0,,0,747,0,0,0,0,1,1
C:\RIT\GA\BIV-Priv-Seg\BIV-Priv-Seg\748.jpeg,0,,0,748,0,0,0,0,1,1
C:\RIT\GA\BIV-Priv-Seg\BIV-Priv-Seg\749.jpeg,0,,0,749,0,0,0,0,1,1
C:\RIT\GA\BIV-Priv-Seg\BIV-Priv-Seg\75.jpeg,1,0.263,1,75,0,0,1,0,0,1
C:\RIT\GA\BIV-Priv-Seg\BIV-Priv-Seg\750.jpeg,1,0.374,1,750,0,0,1,0,0,1
C:\RIT\GA\BIV-Priv-Seg\BIV-Priv-Seg\751.jpeg,0,,0,751,0,0,0,0,1,1
C:\RIT\GA\BIV-Priv-Seg\BIV-Priv-Seg\752.jpeg,0,,0,752,0,0,0,0,1,1
C:\RIT\GA\BIV-Priv-Seg\BIV-Priv-Seg\753.jpeg,0,,0,753,1,0,0,1,0,1
C:\RIT\GA\BIV-Priv-Seg\BIV-Priv-Seg\754.jpeg,0,,0,754,0,0,0,0,1,1
C:\RIT\GA\BIV-Priv-Seg\BIV-Priv-Seg\755.jpeg,0,,0,755,0,0,0,0,1,1
C:\RIT\GA\BIV-Priv-Seg\BIV-Priv-Seg\756.jpeg,0,,0,756,0,0,0,0,1,1
C:\RIT\GA\BIV-Priv-Seg\BIV-Priv-Seg\757.jpeg,1,0.411,1,757,1,1,0,0,0,1
C:\RIT\GA\BIV-Priv-Seg\BIV-Priv-Seg\758.jpeg,0,,0,758,0,0,0,0,1,1
C:\RIT\GA\BIV-Priv-Seg\BIV-Priv-Seg\759.jpeg,1,0.435,1,759,1,1,0,0,0,1
C:\RIT\GA\BIV-Priv-Seg\BIV-Priv-Seg\76.jpeg,0,,0,76,0,0,0,0,1,1
C:\RIT\GA\BIV-Priv-Seg\BIV-Priv-Seg\760.jpeg,0,,0,760,0,0,0,0,1,1
C:\RIT\GA\BIV-Priv-Seg\BIV-Priv-Seg\761.jpeg,0,,0,761,1,0,0,1,0,1
C:\RIT\GA\BIV-Priv-Seg\BIV-Priv-Seg\762.jpeg,0,,0,762,0,0,0,0,1,1
C:\RIT\GA\BIV-Priv-Seg\BIV-Priv-Seg\763.jpeg,1,0.614,1,763,0,0,1,0,0,1
C:\RIT\GA\BIV-Priv-Seg\BIV-Priv-Seg\764.jpeg,0,,0,764,0,0,0,0,1,1
C:\RIT\GA\BIV-Priv-Seg\BIV-Priv-Seg\765.jpeg,0,,0,765,0,0,0,0,1,1
C:\RIT\GA\BIV-Priv-Seg\BIV-Priv-Seg\766.jpeg,0,,0,766,0,0,0,0,1,1
C:\RIT\GA\BIV-Priv-Seg\BIV-Priv-Seg\767.jpeg,0,,0,767,0,0,0,0,1,1
C:\RIT\GA\BIV-Priv-Seg\BIV-Priv-Seg\768.jpeg,0,,0,768,0,0,0,0,1,1
C:\RIT\GA\BIV-Priv-Seg\BIV-Priv-Seg\769.jpeg,0,,0,769,0,0,0,0,1,1
C:\RIT\GA\BIV-Priv-Seg\BIV-Priv-Seg\77.jpeg,0,,0,77,0,0,0,0,1,1
C:\RIT\GA\BIV-Priv-Seg\BIV-Priv-Seg\770.jpeg,0,,0,770,0,0,0,0,1,1
C:\RIT\GA\BIV-Priv-Seg\BIV-Priv-Seg\771.jpeg,0,,0,771,0,0,0,0,1,1
C:\RIT\GA\BIV-Priv-Seg\BIV-Priv-Seg\772.jpeg,1,0.445,1,772,1,1,0,0,0,1
C:\RIT\GA\BIV-Priv-Seg\BIV-Priv-Seg\774.jpeg,0,,0,774,0,0,0,0,1,1
C:\RIT\GA\BIV-Priv-Seg\BIV-Priv-Seg\775.jpeg,0,,0,775,0,0,0,0,1,1
C:\RIT\GA\BIV-Priv-Seg\BIV-Priv-Seg\776.jpeg,1,0.338,1,776,0,0,1,0,0,1
C:\RIT\GA\BIV-Priv-Seg\BIV-Priv-Seg\777.jpeg,0,,0,777,0,0,0,0,1,1
C:\RIT\GA\BIV-Priv-Seg\BIV-Priv-Seg\778.jpeg,0,,0,778,0,0,0,0,1,1
C:\RIT\GA\BIV-Priv-Seg\BIV-Priv-Seg\779.jpeg,1,0.264,1,779,1,1,0,0,0,1
C:\RIT\GA\BIV-Priv-Seg\BIV-Priv-Seg\78.jpeg,0,,0,78,0,0,0,0,1,1
C:\RIT\GA\BIV-Priv-Seg\BIV-Priv-Seg\780.jpeg,0,,0,780,1,0,0,1,0,1
C:\RIT\GA\BIV-Priv-Seg\BIV-Priv-Seg\781.jpeg,0,,0,781,1,0,0,1,0,1
C:\RIT\GA\BIV-Priv-Seg\BIV-Priv-Seg\782.jpeg,0,,0,782,0,0,0,0,1,1
C:\RIT\GA\BIV-Priv-Seg\BIV-Priv-Seg\783.jpeg,0,,0,783,0,0,0,0,1,1
C:\RIT\GA\BIV-Priv-Seg\BIV-Priv-Seg\784.jpeg,0,,0,784,1,0,0,1,0,1
C:\RIT\GA\BIV-Priv-Seg\BIV-Priv-Seg\785.jpeg,0,,0,785,0,0,0,0,1,1
C:\RIT\GA\BIV-Priv-Seg\BIV-Priv-Seg\786.jpeg,0,,0,786,1,0,0,1,0,1
C:\RIT\GA\BIV-Priv-Seg\BIV-Priv-Seg\787.jpeg,0,,0,787,0,0,0,0,1,1
C:\RIT\GA\BIV-Priv-Seg\BIV-Priv-Seg\788.jpeg,0,,0,788,0,0,0,0,1,1
C:\RIT\GA\BIV-Priv-Seg\BIV-Priv-Seg\789.jpeg,0,,0,789,1,0,0,1,0,1
C:\RIT\GA\BIV-Priv-Seg\BIV-Priv-Seg\79.jpeg,0,,0,79,1,0,0,1,0,1
C:\RIT\GA\BIV-Priv-Seg\BIV-Priv-Seg\790.jpeg,0,,0,790,0,0,0,0,1,1
C:\RIT\GA\BIV-Priv-Seg\BIV-Priv-Seg\791.jpeg,0,,0,791,1,0,0,1,0,1
C:\RIT\GA\BIV-Priv-Seg\BIV-Priv-Seg\792.jpeg,0,,0,792,0,0,0,0,1,1
C:\RIT\GA\BIV-Priv-Seg\BIV-Priv-Seg\793.jpeg,0,,0,793,0,0,0,0,1,1
C:\RIT\GA\BIV-Priv-Seg\BIV-Priv-Seg\794.jpeg,0,,0,794,0,0,0,0,1,1
C:\RIT\GA\BIV-Priv-Seg\BIV-Priv-Seg\795.jpeg,0,,0,795,0,0,0,0,1,1
C:\RIT\GA\BIV-Priv-Seg\BIV-Priv-Seg\796.jpeg,0,,0,796,1,0,0,1,0,1
C:\RIT\GA\BIV-Priv-Seg\BIV-Priv-Seg\797.jpeg,0,,0,797,0,0,0,0,1,1
C:\RIT\GA\BIV-Priv-Seg\BIV-Priv-Seg\798.jpeg,0,,0,798,1,0,0,1,0,1
C:\RIT\GA\BIV-Priv-Seg\BIV-Priv-Seg\799.jpeg,0,,0,799,0,0,0,0,1,1
C:\RIT\GA\BIV-Priv-Seg\BIV-Priv-Seg\8.jpeg,0,,0,8,1,0,0,1,0,1
C:\RIT\GA\BIV-Priv-Seg\BIV-Priv-Seg\80.jpeg,0,,0,80,0,0,0,0,1,1
C:\RIT\GA\BIV-Priv-Seg\BIV-Priv-Seg\800.jpeg,0,,0,800,1,0,0,1,0,1
C:\RIT\GA\BIV-Priv-Seg\BIV-Priv-Seg\801.jpeg,0,,0,801,0,0,0,0,1,1
C:\RIT\GA\BIV-Priv-Seg\BIV-Priv-Seg\802.jpeg,1,0.265,1,802,0,0,1,0,0,1
C:\RIT\GA\BIV-Priv-Seg\BIV-Priv-Seg\803.jpeg,1,0.891,1,803,1,1,0,0,0,1
C:\RIT\GA\BIV-Priv-Seg\BIV-Priv-Seg\804.jpeg,0,,0,804,1,0,0,1,0,1
C:\RIT\GA\BIV-Priv-Seg\BIV-Priv-Seg\805.jpeg,0,,0,805,1,0,0,1,0,1
C:\RIT\GA\BIV-Priv-Seg\BIV-Priv-Seg\806.jpeg,0,,0,806,0,0,0,0,1,1
C:\RIT\GA\BIV-Priv-Seg\BIV-Priv-Seg\807.jpeg,0,,0,807,1,0,0,1,0,1
C:\RIT\GA\BIV-Priv-Seg\BIV-Priv-Seg\808.jpeg,0,,0,808,1,0,0,1,0,1
C:\RIT\GA\BIV-Priv-Seg\BIV-Priv-Seg\809.jpeg,0,,0,809,0,0,0,0,1,1
C:\RIT\GA\BIV-Priv-Seg\BIV-Priv-Seg\81.jpeg,1,0.319,1,81,1,1,0,0,0,1
C:\RIT\GA\BIV-Priv-Seg\BIV-Priv-Seg\810.jpeg,0,,0,810,0,0,0,0,1,1
C:\RIT\GA\BIV-Priv-Seg\BIV-Priv-Seg\811.jpeg,1,0.743,1,811,0,0,1,0,0,1
C:\RIT\GA\BIV-Priv-Seg\BIV-Priv-Seg\812.jpeg,0,,0,812,0,0,0,0,1,1
C:\RIT\GA\BIV-Priv-Seg\BIV-Priv-Seg\813.jpeg,0,,0,813,0,0,0,0,1,1
C:\RIT\GA\BIV-Priv-Seg\BIV-Priv-Seg\814.jpeg,0,,0,814,0,0,0,0,1,1
C:\RIT\GA\BIV-Priv-Seg\BIV-Priv-Seg\815.jpeg,0,,0,815,0,0,0,0,1,1
C:\RIT\GA\BIV-Priv-Seg\BIV-Priv-Seg\816.jpeg,0,,0,816,0,0,0,0,1,1
C:\RIT\GA\BIV-Priv-Seg\BIV-Priv-Seg\817.jpeg,0,,0,817,1,0,0,1,0,1
C:\RIT\GA\BIV-Priv-Seg\BIV-Priv-Seg\818.jpeg,0,,0,818,1,0,0,1,0,1
C:\RIT\GA\BIV-Priv-Seg\BIV-Priv-Seg\819.jpeg,1,0.379,1,819,1,1,0,0,0,1
C:\RIT\GA\BIV-Priv-Seg\BIV-Priv-Seg\82.jpeg,0,,0,82,0,0,0,0,1,1
C:\RIT\GA\BIV-Priv-Seg\BIV-Priv-Seg\820.jpeg,1,0.867,1,820,1,1,0,0,0,1
C:\RIT\GA\BIV-Priv-Seg\BIV-Priv-Seg\821.jpeg,0,,0,821,0,0,0,0,1,1
C:\RIT\GA\BIV-Priv-Seg\BIV-Priv-Seg\822.jpeg,0,,0,822,1,0,0,1,0,1
C:\RIT\GA\BIV-Priv-Seg\BIV-Priv-Seg\823.jpeg,1,0.336,1,823,1,1,0,0,0,1
C:\RIT\GA\BIV-Priv-Seg\BIV-Priv-Seg\824.jpeg,0,,0,824,0,0,0,0,1,1
C:\RIT\GA\BIV-Priv-Seg\BIV-Priv-Seg\825.jpeg,0,,0,825,0,0,0,0,1,1
C:\RIT\GA\BIV-Priv-Seg\BIV-Priv-Seg\826.jpeg,1,0.317,1,826,1,1,0,0,0,1
C:\RIT\GA\BIV-Priv-Seg\BIV-Priv-Seg\827.jpeg,1,0.476,1,827,1,1,0,0,0,1
C:\RIT\GA\BIV-Priv-Seg\BIV-Priv-Seg\828.jpeg,1,0.270,1,828,1,1,0,0,0,1
C:\RIT\GA\BIV-Priv-Seg\BIV-Priv-Seg\829.jpeg,0,,0,829,0,0,0,0,1,1
C:\RIT\GA\BIV-Priv-Seg\BIV-Priv-Seg\83.jpeg,0,,0,83,0,0,0,0,1,1
C:\RIT\GA\BIV-Priv-Seg\BIV-Priv-Seg\830.jpeg,1,0.267,1,830,1,1,0,0,0,1
C:\RIT\GA\BIV-Priv-Seg\BIV-Priv-Seg\831.jpeg,0,,0,831,0,0,0,0,1,1
C:\RIT\GA\BIV-Priv-Seg\BIV-Priv-Seg\832.jpeg,0,,0,832,0,0,0,0,1,1
C:\RIT\GA\BIV-Priv-Seg\BIV-Priv-Seg\833.jpeg,0,,0,833,1,0,0,1,0,1
C:\RIT\GA\BIV-Priv-Seg\BIV-Priv-Seg\834.jpeg,1,0.380,1,834,0,0,1,0,0,1
C:\RIT\GA\BIV-Priv-Seg\BIV-Priv-Seg\835.jpeg,0,,0,835,0,0,0,0,1,1
C:\RIT\GA\BIV-Priv-Seg\BIV-Priv-Seg\837.jpeg,0,,0,837,1,0,0,1,0,1
C:\RIT\GA\BIV-Priv-Seg\BIV-Priv-Seg\838.jpeg,0,,0,838,0,0,0,0,1,1
C:\RIT\GA\BIV-Priv-Seg\BIV-Priv-Seg\839.jpeg,0,,0,839,0,0,0,0,1,1
C:\RIT\GA\BIV-Priv-Seg\BIV-Priv-Seg\84.jpeg,0,,0,84,1,0,0,1,0,1
C:\RIT\GA\BIV-Priv-Seg\BIV-Priv-Seg\840.jpeg,0,,0,840,0,0,0,0,1,1
C:\RIT\GA\BIV-Priv-Seg\BIV-Priv-Seg\841.jpeg,0,,0,841,1,0,0,1,0,1
C:\RIT\GA\BIV-Priv-Seg\BIV-Priv-Seg\842.jpeg,0,,0,842,0,0,0,0,1,1
C:\RIT\GA\BIV-Priv-Seg\BIV-Priv-Seg\843.jpeg,0,,0,843,0,0,0,0,1,1
C:\RIT\GA\BIV-Priv-Seg\BIV-Priv-Seg\844.jpeg,0,,0,844,0,0,0,0,1,1
C:\RIT\GA\BIV-Priv-Seg\BIV-Priv-Seg\845.jpeg,1,0.557,1,845,1,1,0,0,0,1
C:\RIT\GA\BIV-Priv-Seg\BIV-Priv-Seg\846.jpeg,0,,0,846,0,0,0,0,1,1
C:\RIT\GA\BIV-Priv-Seg\BIV-Priv-Seg\847.jpeg,0,,0,847,0,0,0,0,1,1
C:\RIT\GA\BIV-Priv-Seg\BIV-Priv-Seg\85.jpeg,0,,0,85,0,0,0,0,1,1
C:\RIT\GA\BIV-Priv-Seg\BIV-Priv-Seg\850.jpeg,0,,0,850,0,0,0,0,1,1
C:\RIT\GA\BIV-Priv-Seg\BIV-Priv-Seg\852.jpeg,0,,0,852,1,0,0,1,0,1
C:\RIT\GA\BIV-Priv-Seg\BIV-Priv-Seg\853.jpeg,0,,0,853,1,0,0,1,0,1
C:\RIT\GA\BIV-Priv-Seg\BIV-Priv-Seg\854.jpeg,0,,0,854,1,0,0,1,0,1
C:\RIT\GA\BIV-Priv-Seg\BIV-Priv-Seg\855.jpeg,0,,0,855,1,0,0,1,0,1
C:\RIT\GA\BIV-Priv-Seg\BIV-Priv-Seg\856.jpeg,0,,0,856,1,0,0,1,0,1
C:\RIT\GA\BIV-Priv-Seg\BIV-Priv-Seg\857.jpeg,0,,0,857,0,0,0,0,1,1
C:\RIT\GA\BIV-Priv-Seg\BIV-Priv-Seg\858.jpeg,0,,0,858,1,0,0,1,0,1
C:\RIT\GA\BIV-Priv-Seg\BIV-Priv-Seg\859.jpeg,1,0.351,1,859,1,1,0,0,0,1
C:\RIT\GA\BIV-Priv-Seg\BIV-Priv-Seg\86.jpeg,0,,0,86,1,0,0,1,0,1
C:\RIT\GA\BIV-Priv-Seg\BIV-Priv-Seg\860.jpeg,0,,0,860,0,0,0,0,1,1
C:\RIT\GA\BIV-Priv-Seg\BIV-Priv-Seg\861.jpeg,1,0.777,1,861,1,1,0,0,0,1
C:\RIT\GA\BIV-Priv-Seg\BIV-Priv-Seg\862.jpeg,0,,0,862,0,0,0,0,1,1
C:\RIT\GA\BIV-Priv-Seg\BIV-Priv-Seg\863.jpeg,0,,0,863,0,0,0,0,1,1
C:\RIT\GA\BIV-Priv-Seg\BIV-Priv-Seg\864.jpeg,0,,0,864,0,0,0,0,1,1
C:\RIT\GA\BIV-Priv-Seg\BIV-Priv-Seg\865.jpeg,0,,0,865,0,0,0,0,1,1
C:\RIT\GA\BIV-Priv-Seg\BIV-Priv-Seg\866.jpeg,0,,0,866,0,0,0,0,1,1
C:\RIT\GA\BIV-Priv-Seg\BIV-Priv-Seg\867.jpeg,0,,0,867,1,0,0,1,0,1
C:\RIT\GA\BIV-Priv-Seg\BIV-Priv-Seg\868.jpeg,0,,0,868,0,0,0,0,1,1
C:\RIT\GA\BIV-Priv-Seg\BIV-Priv-Seg\869.jpeg,0,,0,869,1,0,0,1,0,1
C:\RIT\GA\BIV-Priv-Seg\BIV-Priv-Seg\87.jpeg,0,,0,87,0,0,0,0,1,1
C:\RIT\GA\BIV-Priv-Seg\BIV-Priv-Seg\870.jpeg,0,,0,870,1,0,0,1,0,1
C:\RIT\GA\BIV-Priv-Seg\BIV-Priv-Seg\871.jpeg,0,,0,871,1,0,0,1,0,1
C:\RIT\GA\BIV-Priv-Seg\BIV-Priv-Seg\872.jpeg,0,,0,872,0,0,0,0,1,1
C:\RIT\GA\BIV-Priv-Seg\BIV-Priv-Seg\873.jpeg,0,,0,873,0,0,0,0,1,1
C:\RIT\GA\BIV-Priv-Seg\BIV-Priv-Seg\874.jpeg,1,0.274,1,874,0,0,1,0,0,1
C:\RIT\GA\BIV-Priv-Seg\BIV-Priv-Seg\875.jpeg,0,,0,875,0,0,0,0,1,1
C:\RIT\GA\BIV-Priv-Seg\BIV-Priv-Seg\876.jpeg,0,,0,876,1,0,0,1,0,1
C:\RIT\GA\BIV-Priv-Seg\BIV-Priv-Seg\877.jpeg,0,,0,877,0,0,0,0,1,1
C:\RIT\GA\BIV-Priv-Seg\BIV-Priv-Seg\878.jpeg,0,,0,878,0,0,0,0,1,1
C:\RIT\GA\BIV-Priv-Seg\BIV-Priv-Seg\879.jpeg,1,0.315,1,879,0,0,1,0,0,1
C:\RIT\GA\BIV-Priv-Seg\BIV-Priv-Seg\88.jpeg,0,,0,88,0,0,0,0,1,1
C:\RIT\GA\BIV-Priv-Seg\BIV-Priv-Seg\880.jpeg,0,,0,880,0,0,0,0,1,1
C:\RIT\GA\BIV-Priv-Seg\BIV-Priv-Seg\881.jpeg,1,0.671,1,881,1,1,0,0,0,1
C:\RIT\GA\BIV-Priv-Seg\BIV-Priv-Seg\882.jpeg,0,,0,882,0,0,0,0,1,1
C:\RIT\GA\BIV-Priv-Seg\BIV-Priv-Seg\883.jpeg,0,,0,883,1,0,0,1,0,1
C:\RIT\GA\BIV-Priv-Seg\BIV-Priv-Seg\884.jpeg,1,0.395,1,884,0,0,1,0,0,1
C:\RIT\GA\BIV-Priv-Seg\BIV-Priv-Seg\885.jpeg,0,,0,885,0,0,0,0,1,1
C:\RIT\GA\BIV-Priv-Seg\BIV-Priv-Seg\886.jpeg,0,,0,886,1,0,0,1,0,1
C:\RIT\GA\BIV-Priv-Seg\BIV-Priv-Seg\887.jpeg,0,,0,887,0,0,0,0,1,1
C:\RIT\GA\BIV-Priv-Seg\BIV-Priv-Seg\888.jpeg,0,,0,888,0,0,0,0,1,1
C:\RIT\GA\BIV-Priv-Seg\BIV-Priv-Seg\889.jpeg,0,,0,889,1,0,0,1,0,1
C:\RIT\GA\BIV-Priv-Seg\BIV-Priv-Seg\89.jpeg,0,,0,89,1,0,0,1,0,1
C:\RIT\GA\BIV-Priv-Seg\BIV-Priv-Seg\890.jpeg,0,,0,890,1,0,0,1,0,1
C:\RIT\GA\BIV-Priv-Seg\BIV-Priv-Seg\891.jpeg,1,0.406,1,891,0,0,1,0,0,1
C:\RIT\GA\BIV-Priv-Seg\BIV-Priv-Seg\892.jpeg,1,0.345,1,892,1,1,0,0,0,1
C:\RIT\GA\BIV-Priv-Seg\BIV-Priv-Seg\893.jpeg,0,,0,893,1,0,0,1,0,1
C:\RIT\GA\BIV-Priv-Seg\BIV-Priv-Seg\894.jpeg,0,,0,894,0,0,0,0,1,1
C:\RIT\GA\BIV-Priv-Seg\BIV-Priv-Seg\895.jpeg,0,,0,895,0,0,0,0,1,1
C:\RIT\GA\BIV-Priv-Seg\BIV-Priv-Seg\897.jpeg,0,,0,897,0,0,0,0,1,1
C:\RIT\GA\BIV-Priv-Seg\BIV-Priv-Seg\9.jpeg,0,,0,9,1,0,0,1,0,1
C:\RIT\GA\BIV-Priv-Seg\BIV-Priv-Seg\90.jpeg,0,,0,90,0,0,0,0,1,1
C:\RIT\GA\BIV-Priv-Seg\BIV-Priv-Seg\901.jpeg,0,,0,901,1,0,0,1,0,1
C:\RIT\GA\BIV-Priv-Seg\BIV-Priv-Seg\902.jpeg,1,0.502,1,902,1,1,0,0,0,1
C:\RIT\GA\BIV-Priv-Seg\BIV-Priv-Seg\905.jpeg,0,,0,905,1,0,0,1,0,1
C:\RIT\GA\BIV-Priv-Seg\BIV-Priv-Seg\907.jpeg,0,,0,907,1,0,0,1,0,1
C:\RIT\GA\BIV-Priv-Seg\BIV-Priv-Seg\91.jpeg,0,,0,91,0,0,0,0,1,1
C:\RIT\GA\BIV-Priv-Seg\BIV-Priv-Seg\913.jpeg,0,,0,913,0,0,0,0,1,1
C:\RIT\GA\BIV-Priv-Seg\BIV-Priv-Seg\914.jpeg,1,0.631,1,914,1,1,0,0,0,1
C:\RIT\GA\BIV-Priv-Seg\BIV-Priv-Seg\915.jpeg,1,0.377,1,915,0,0,1,0,0,1
C:\RIT\GA\BIV-Priv-Seg\BIV-Priv-Seg\916.jpeg,0,,0,916,1,0,0,1,0,1
C:\RIT\GA\BIV-Priv-Seg\BIV-Priv-Seg\918.jpeg,1,0.783,1,918,1,1,0,0,0,1
C:\RIT\GA\BIV-Priv-Seg\BIV-Priv-Seg\92.jpeg,0,,0,92,0,0,0,0,1,1
C:\RIT\GA\BIV-Priv-Seg\BIV-Priv-Seg\920.jpeg,0,,0,920,1,0,0,1,0,1
C:\RIT\GA\BIV-Priv-Seg\BIV-Priv-Seg\925.jpeg,0,,0,925,0,0,0,0,1,1
C:\RIT\GA\BIV-Priv-Seg\BIV-Priv-Seg\926.jpeg,0,,0,926,0,0,0,0,1,1
C:\RIT\GA\BIV-Priv-Seg\BIV-Priv-Seg\927.jpeg,0,,0,927,0,0,0,0,1,1
C:\RIT\GA\BIV-Priv-Seg\BIV-Priv-Seg\928.jpeg,0,,0,928,1,0,0,1,0,1
C:\RIT\GA\BIV-Priv-Seg\BIV-Priv-Seg\929.jpeg,0,,0,929,1,0,0,1,0,1
C:\RIT\GA\BIV-Priv-Seg\BIV-Priv-Seg\93.jpeg,0,,0,93,0,0,0,0,1,1
C:\RIT\GA\BIV-Priv-Seg\BIV-Priv-Seg\930.jpeg,0,,0,930,1,0,0,1,0,1
C:\RIT\GA\BIV-Priv-Seg\BIV-Priv-Seg\931.jpeg,0,,0,931,1,0,0,1,0,1
C:\RIT\GA\BIV-Priv-Seg\BIV-Priv-Seg\932.jpeg,0,,0,932,0,0,0,0,1,1
C:\RIT\GA\BIV-Priv-Seg\BIV-Priv-Seg\933.jpeg,0,,0,933,1,0,0,1,0,1
C:\RIT\GA\BIV-Priv-Seg\BIV-Priv-Seg\934.jpeg,0,,0,934,1,0,0,1,0,1
C:\RIT\GA\BIV-Priv-Seg\BIV-Priv-Seg\935.jpeg,1,0.454,1,935,1,1,0,0,0,1
C:\RIT\GA\BIV-Priv-Seg\BIV-Priv-Seg\936.jpeg,0,,0,936,0,0,0,0,1,1
C:\RIT\GA\BIV-Priv-Seg\BIV-Priv-Seg\937.jpeg,0,,0,937,0,0,0,0,1,1
C:\RIT\GA\BIV-Priv-Seg\BIV-Priv-Seg\939.jpeg,0,,0,939,1,0,0,1,0,1
C:\RIT\GA\BIV-Priv-Seg\BIV-Priv-Seg\94.jpeg,0,,0,94,0,0,0,0,1,1
C:\RIT\GA\BIV-Priv-Seg\BIV-Priv-Seg\940.jpeg,0,,0,940,0,0,0,0,1,1
C:\RIT\GA\BIV-Priv-Seg\BIV-Priv-Seg\941.jpeg,0,,0,941,0,0,0,0,1,1
C:\RIT\GA\BIV-Priv-Seg\BIV-Priv-Seg\943.jpeg,0,,0,943,0,0,0,0,1,1
C:\RIT\GA\BIV-Priv-Seg\BIV-Priv-Seg\944.jpeg,0,,0,944,0,0,0,0,1,1
C:\RIT\GA\BIV-Priv-Seg\BIV-Priv-Seg\946.jpeg,0,,0,946,0,0,0,0,1,1
C:\RIT\GA\BIV-Priv-Seg\BIV-Priv-Seg\947.jpeg,0,,0,947,0,0,0,0,1,1
C:\RIT\GA\BIV-Priv-Seg\BIV-Priv-Seg\948.jpeg,0,,0,948,0,0,0,0,1,1
C:\RIT\GA\BIV-Priv-Seg\BIV-Priv-Seg\949.jpeg,0,,0,949,0,0,0,0,1,1
C:\RIT\GA\BIV-Priv-Seg\BIV-Priv-Seg\95.jpeg,0,,0,95,0,0,0,0,1,1
C:\RIT\GA\BIV-Priv-Seg\BIV-Priv-Seg\951.jpeg,0,,0,951,0,0,0,0,1,1
C:\RIT\GA\BIV-Priv-Seg\BIV-Priv-Seg\952.jpeg,0,,0,952,0,0,0,0,1,1
C:\RIT\GA\BIV-Priv-Seg\BIV-Priv-Seg\953.jpeg,0,,0,953,1,0,0,1,0,1
C:\RIT\GA\BIV-Priv-Seg\BIV-Priv-Seg\954.jpeg,0,,0,954,0,0,0,0,1,1
C:\RIT\GA\BIV-Priv-Seg\BIV-Priv-Seg\955.jpeg,0,,0,955,1,0,0,1,0,1
C:\RIT\GA\BIV-Priv-Seg\BIV-Priv-Seg\956.jpeg,0,,0,956,0,0,0,0,1,1
C:\RIT\GA\BIV-Priv-Seg\BIV-Priv-Seg\957.jpeg,0,,0,957,0,0,0,0,1,1
C:\RIT\GA\BIV-Priv-Seg\BIV-Priv-Seg\959.jpeg,0,,0,959,0,0,0,0,1,1
C:\RIT\GA\BIV-Priv-Seg\BIV-Priv-Seg\96.jpeg,0,,0,96,0,0,0,0,1,1
C:\RIT\GA\BIV-Priv-Seg\BIV-Priv-Seg\960.jpeg,0,,0,960,0,0,0,0,1,1
C:\RIT\GA\BIV-Priv-Seg\BIV-Priv-Seg\961.jpeg,0,,0,961,1,0,0,1,0,1
C:\RIT\GA\BIV-Priv-Seg\BIV-Priv-Seg\964.jpeg,0,,0,964,0,0,0,0,1,1
C:\RIT\GA\BIV-Priv-Seg\BIV-Priv-Seg\965.jpeg,0,,0,965,0,0,0,0,1,1
C:\RIT\GA\BIV-Priv-Seg\BIV-Priv-Seg\966.jpeg,0,,0,966,0,0,0,0,1,1
C:\RIT\GA\BIV-Priv-Seg\BIV-Priv-Seg\967.jpeg,0,,0,967,0,0,0,0,1,1
C:\RIT\GA\BIV-Priv-Seg\BIV-Priv-Seg\968.jpeg,0,,0,968,0,0,0,0,1,1
C:\RIT\GA\BIV-Priv-Seg\BIV-Priv-Seg\969.jpeg,0,,0,969,0,0,0,0,1,1
C:\RIT\GA\BIV-Priv-Seg\BIV-Priv-Seg\97.jpeg,0,,0,97,0,0,0,0,1,1
C:\RIT\GA\BIV-Priv-Seg\BIV-Priv-Seg\970.jpeg,0,,0,970,0,0,0,0,1,1
C:\RIT\GA\BIV-Priv-Seg\BIV-Priv-Seg\971.jpeg,0,,0,971,0,0,0,0,1,1
C:\RIT\GA\BIV-Priv-Seg\BIV-Priv-Seg\972.jpeg,0,,0,972,0,0,0,0,1,1
C:\RIT\GA\BIV-Priv-Seg\BIV-Priv-Seg\973.jpeg,0,,0,973,0,0,0,0,1,1
C:\RIT\GA\BIV-Priv-Seg\BIV-Priv-Seg\974.jpeg,0,,0,974,0,0,0,0,1,1
C:\RIT\GA\BIV-Priv-Seg\BIV-Priv-Seg\975.jpeg,0,,0,975,0,0,0,0,1,1
C:\RIT\GA\BIV-Priv-Seg\BIV-Priv-Seg\976.jpeg,0,,0,976,0,0,0,0,1,1
C:\RIT\GA\BIV-Priv-Seg\BIV-Priv-Seg\977.jpeg,0,,0,977,0,0,0,0,1,1
C:\RIT\GA\BIV-Priv-Seg\BIV-Priv-Seg\978.jpeg,0,,0,978,0,0,0,0,1,1
C:\RIT\GA\BIV-Priv-Seg\BIV-Priv-Seg\979.jpeg,0,,0,979,0,0,0,0,1,1
C:\RIT\GA\BIV-Priv-Seg\BIV-Priv-Seg\98.jpeg,0,,0,98,0,0,0,0,1,1
C:\RIT\GA\BIV-Priv-Seg\BIV-Priv-Seg\980.jpeg,0,,0,980,0,0,0,0,1,1
C:\RIT\GA\BIV-Priv-Seg\BIV-Priv-Seg\981.jpeg,0,,0,981,0,0,0,0,1,1
C:\RIT\GA\BIV-Priv-Seg\BIV-Priv-Seg\982.jpeg,0,,0,982,0,0,0,0,1,1
C:\RIT\GA\BIV-Priv-Seg\BIV-Priv-Seg\983.jpeg,0,,0,983,0,0,0,0,1,1
C:\RIT\GA\BIV-Priv-Seg\BIV-Priv-Seg\984.jpeg,0,,0,984,0,0,0,0,1,1
C:\RIT\GA\BIV-Priv-Seg\BIV-Priv-Seg\985.jpeg,0,,0,985,0,0,0,0,1,1
C:\RIT\GA\BIV-Priv-Seg\BIV-Priv-Seg\986.jpeg,0,,0,986,1,0,0,1,0,1
C:\RIT\GA\BIV-Priv-Seg\BIV-Priv-Seg\987.jpeg,1,0.770,1,987,0,0,1,0,0,1
C:\RIT\GA\BIV-Priv-Seg\BIV-Priv-Seg\988.jpeg,0,,0,988,0,0,0,0,1,1
C:\RIT\GA\BIV-Priv-Seg\BIV-Priv-Seg\989.jpeg,0,,0,989,0,0,0,0,1,1
C:\RIT\GA\BIV-Priv-Seg\BIV-Priv-Seg\99.jpeg,0,,0,99,0,0,0,0,1,1
C:\RIT\GA\BIV-Priv-Seg\BIV-Priv-Seg\990.jpeg,1,0.550,1,990,1,1,0,0,0,1
C:\RIT\GA\BIV-Priv-Seg\BIV-Priv-Seg\991.jpeg,0,,0,991,1,0,0,1,0,1
C:\RIT\GA\BIV-Priv-Seg\BIV-Priv-Seg\992.jpeg,0,,0,992,0,0,0,0,1,1
C:\RIT\GA\BIV-Priv-Seg\BIV-Priv-Seg\993.jpeg,0,,0,993,1,0,0,1,0,1
C:\RIT\GA\BIV-Priv-Seg\BIV-Priv-Seg\994.jpeg,0,,0,994,1,0,0,1,0,1
C:\RIT\GA\BIV-Priv-Seg\BIV-Priv-Seg\996.jpeg,0,,0,996,1,0,0,1,0,1
C:\RIT\GA\BIV-Priv-Seg\BIV-Priv-Seg\997.jpeg,0,,0,997,0,0,0,0,1,1
C:\RIT\GA\BIV-Priv-Seg\BIV-Priv-Seg\998.jpeg,0,,0,998,0,0,0,0,1,1
C:\RIT\GA\BIV-Priv-Seg\BIV-Priv-Seg\some_image.jpg,1,0.832,1,some_image,-1,0,0,0,0,0
